"CERT","CHCLASS1","CITYST","COST","FAILDATE","FIN","ID","NAME","QBFASSET","QBFDEP","RESTYPE","RESTYPE1","SAVR"
"28634","SL","RANDALLSTOWN, MD","2","1/4/1991","7266","2981","ROYAL OAK FS & LA","27310","29154","FAILURE","PA","RTC"
"28767","SB","ATLANTA, GA","80646","1/4/1991","7373","2982","FULTON FEDERAL SAVINGS BANK","2016621","1380514","FAILURE","PA","RTC"
"29161","SL","PITTSBURGH, PA","96028","1/4/1991","7267","2983","FIRST FS & LA OF PITTSBURG","3089704","2343171","FAILURE","PA","RTC"
"29638","SL","SAN ANTONIO, TX","37685","1/4/1991","7262","2984","FIRST FEDERAL SAVINGS & LOAN","638622","472426","FAILURE","PA","RTC"
"30888","SL","NEWARK, NJ","7519","1/4/1991","7392","2985","TRIDENT FEDERAL S & L ASSOC.","47159","44159","FAILURE","PA","RTC"
"2545","N","HARTFORD, CT","151127","1/6/1991","4310","2986","THE CONNECTICUT BANK & TRUST CO","7210748","6860236","FAILURE","PA","BIF"
"2560","N","BOSTON, MA","572581","1/6/1991","4309","2987","BANK OF NEW ENGLAND, NATIONAL ASSOC","13428614","9406853","FAILURE","PA","BIF"
"4275","N","PORTLAND, ME","0","1/6/1991","4311","2988","MAINE NATIONAL BANK","1045658","944665","FAILURE","PA","BIF"
"26302","N","GLASTONBURY, CT","26647","1/11/1991","4312","2989","COMMUNITY NATIONAL BANK","85364","86936","FAILURE","PA","BIF"
"28292","SL","NEWPORT BEACH, CA","498684","1/11/1991","2188","2990","FAR WEST SAVINGS & LOAN","3714988","2981632","FAILURE","PI","RTC"
"31560","SL","HARTFORD, CT","3358","1/11/1991","2157","2991","CONNECTICUT SAVINGS AND LOAN","17375","13680","FAILURE","PA","RTC"
"32134","SL","COSTA MESA, CA","22127","1/11/1991","7366","2992","MALIBU SB","139117","122923","FAILURE","PA","RTC"
"30138","SL","PATERSON, NJ","25727","1/18/1991","2163","2993","IRVING SAVINGS & LOAN","222484","235827","FAILURE","PA","RTC"
"32332","SL","FOUNTAIN VALLEY, CA","110","1/18/1991","7358","2994","BEACH FEDERAL SAVINGS ASSOC.","81792","80703","FAILURE","PA","RTC"
"23221","N","RIO RANCHO, NM","10941","1/22/1991","4313","2995","AMERICAN BANK, NATIONAL ASSOCIATION","20712","23319","FAILURE","IDT","BIF"
"23461","N","FARMERS BRANCH, TX","15366","1/24/1991","4314","2996","METROPOLITAN NATIONAL BANK","97314","98491","FAILURE","PA","BIF"
"24568","NM","RICHMOND, CA","4323","1/25/1991","4315","2997","ALVARADO BANK","33480","32106","FAILURE","PA","BIF"
"30169","SL","CLIFTON, NJ","15290","1/25/1991","2106","2998","CENTER S & LA","132562","125372","FAILURE","PA","RTC"
"31062","SL","BEVERLY HILLS, CA","206275","1/25/1991","7439","2999","COLUMBIA SAVINGS & LOAN ASSN.","5358626","5645608","FAILURE","PO","RTC"
"31703","SB","TYSONS CORNER, VA","172842","1/25/1991","2195","3000","TRUSTBANK FSB","1823394","1509206","FAILURE","PI","RTC"
"32523","SL","CORAL SPRINGS, FL","4291","1/25/1991","7331","3001","CORAL S & LA","32197","31658","FAILURE","PA","RTC"
"16428","N","CHICAGO, IL","2626","1/29/1991","4316","3002","CITIZENS NATIONAL BANK AND TRUST","18776","19197","FAILURE","PA","BIF"
"20579","NM","AUSTIN, TX","35259","1/31/1991","4317","3003","BANK OF THE HILLS","255108","237750","FAILURE","PA","BIF"
"25815","N","ARANSAS COUNTY, TX","2997","1/31/1991","4318","3004","ROCKPORT BANK, NATIONAL ASSOCIATION","17796","18038","FAILURE","PA","BIF"
"11272","NM","NORWALK, CT","87535","2/1/1991","4319","3005","THE MERCHANTS BANK AND TRUST CO","269867","269021","FAILURE","PA","BIF"
"17721","SI","PORTLAND, ME","184197","2/1/1991","4320","3006","MAINE SAVINGS BANK","1182519","1191224","FAILURE","PA","BIF"
"29422","SL","TOLEDO, OH","38421","2/1/1991","2117","3007","FIRST FEDERAL SAVINGS OF TOLEDO","1022500","1016062","FAILURE","PA","RTC"
"31654","SB","RICHMOND, VA","210819","2/1/1991","2169","3008","COREAST FSB","1209981","993237","FAILURE","PI","RTC"
"31859","SL","JONESBOROUGH, TN","1301","2/1/1991","7343","3009","GEORGE WASHINGTON FSA","14586","13313","FAILURE","PA","RTC"
"17850","NM","LOCKHART, TX","2072","2/7/1991","4321","3010","LOCKHART STATE BANK","24316","24800","FAILURE","PA","BIF"
"22080","N","KAUFMAN, TX","3268","2/7/1991","4322","3011","FIRST NATIONAL BANK IN KAUFMAN","20351","20995","FAILURE","PA","BIF"
"28150","SL","WYCKOFF, NJ","37780","2/8/1991","7444","3012","FIRST JERSEY S & LA ASSOC.","287692","257442","FAILURE","PA","RTC"
"29585","SL","WAYNESBORO, TN","2119","2/8/1991","7383","3013","FIRST FSA OF WAYNESBORO","18165","18137","FAILURE","PA","RTC"
"29946","SL","BAY ST. LOUIS, MS","2091","2/8/1991","7399","3014","PEOPLES FEDERAL SAVINGS BANK","59686","53910","FAILURE","PA","RTC"
"31719","SL","SEATTLE, WA","3621","2/8/1991","7362","3015","FAMILY S & LA","99576","60452","FAILURE","PA","RTC"
"32114","SL","BEVERLY HILLS, CA","60093","2/8/1991","7380","3016","UNITY FS & LA","454475","444026","FAILURE","PA","RTC"
"5594","N","WORTHAM, TX","2111","2/14/1991","4324","3017","THE FIRST NATIONAL BANK OF WORTH","7282","7709","FAILURE","PA","BIF"
"16965","NM","KENNER, LA","11175","2/14/1991","4323","3018","MERCHANTS TRUST & SAVINGS BANK","43848","42729","FAILURE","PA","BIF"
"29370","SL","KEENE, NH","25824","2/20/1991","7385","3019","FIRST NORTHERN COOP","114564","87048","FAILURE","PA","RTC"
"21985","N","ALBUQUERQUE, NM","4690","2/21/1991","4325","3020","SOUTHWEST NATIONAL BANK","37236","36461","FAILURE","PA","BIF"
"27170","NM","NILES, OH","0","2/22/1991","4326","3021","THE MCKINLEY BANK","70565","65627","FAILURE","PA","BIF"
"29015","SB","HOLLYWOOD, FL","82556","2/22/1991","1298","3022","HOLLYWOOD FSB","1525465","1369899","FAILURE","PA","RTC"
"31206","SL","DALLAS, GA","4091","2/22/1991","2115","3023","FIRST FS & LA","37523","36235","FAILURE","PA","RTC"
"17806","N","COLLEGE STATION, TX","9815","2/28/1991","4327","3024","UNITED CITIZENS BANK, NATIONAL ASSOC","44906","47235","FAILURE","PA","BIF"
"29643","SL","NEW KENSINGTON, PA","2458","3/1/1991","7434","3025","PEOPLES FEDERAL S & L ASSOC.","107564","98599","FAILURE","PA","RTC"
"32235","SB","LAWRENCEVILLE, NJ","17600","3/1/1991","2102","3026","AMERIFIED SAVINGS BANK","110647","99469","FAILURE","PO","RTC"
"24588","NM","LOS ANGELES, CA","3927","3/8/1991","4330","3027","MANILABANK","20775","20349","FAILURE","PA","BIF"
"24831","SM","PALM CITY, FL","3560","3/8/1991","4329","3028","FIRST MARINE BANK OF FLORIDA","17165","16769","FAILURE","PA","BIF"
"25145","SM","PORT ST. LUCIE, FL","1896","3/8/1991","4328","3029","SEAFIRST BANK","11521","11861","FAILURE","PA","BIF"
"28827","SL","BIRMINGHAM, AL","17504","3/8/1991","2177","3030","JEFFERSON FEDERAL SA","666471","488725","FAILURE","PA","RTC"
"29019","SL","WEWOKA, OK","5239","3/8/1991","7384","3031","FIRST FSA OF WEWOKA","32917","27898","FAILURE","PA","RTC"
"29036","SB","BALDWIN, NY","19948","3/8/1991","2133","3032","BEACON FEDERAL SAVINGS","405964","388612","FAILURE","PA","RTC"
"30139","SL","PATERSON, NJ","4014","3/8/1991","7437","3033","ALEXANDER HAMILTON","210702","212882","FAILURE","PA","RTC"
"30960","SB","HURON, SD","526","3/8/1991","7443","3034","FIRST FSB","51933","49950","FAILURE","PA","RTC"
"31454","SL","FORT PIERCE, FL","36864","3/8/1991","2108","3035","FIRST CITIZENS SLA","200485","199317","FAILURE","PA","RTC"
"32340","SL","HIGH POINT, NC","19170","3/8/1991","2122","3036","PREFFERED SAVINGS AND LOAN","224456","174847","FAILURE","PA","RTC"
"18844","NM","VICTORIA, TX","3957","3/14/1991","4331","3037","CROSSROADS BANK","22416","22694","FAILURE","PA","BIF"
"26557","SI","BROOKLINE, MA","12127","3/14/1991","4332","3038","COOLIDGE CORNER CO-OPERATIVE BANK","83699","83843","FAILURE","PA","BIF"
"27003","NM","BOSTON, MA","15168","3/15/1991","4333","3039","THE BLACKSTONE BANK AND TRUST CO","49258","48356","FAILURE","IDT","BIF"
"28683","SB","MIAMI, FL","557515","3/15/1991","2184","3040","AMERIFIRST FEDERAL SAVINGS","3575040","2872239","FAILURE","PA","RTC"
"28791","SL","UPPER DARBY, PA","197296","3/15/1991","2186","3041","BELL FEDERAL SAVINGS","850573","733980","FAILURE","PA","RTC"
"29083","SL","KANSAS CITY, MO","307557","3/15/1991","2202","3042","HOME SAVINGS ASSOCIATION","2944195","2623786","FAILURE","PI","RTC"
"29716","SL","ARCANUM, OH","2919","3/15/1991","2103","3043","ARCANIUM FSA","45361","46771","FAILURE","PA","RTC"
"32514","SL","PALM HARBOR, FL","3389","3/15/1991","7449","3044","SOVEREIGN SB","38909","33828","FAILURE","PA","RTC"
"10331","NM","WILLIS, TX","5701","3/21/1991","4334","3045","CITADEL BANK","21874","21643","FAILURE","PA","BIF"
"11185","NM","SABINAL, TX","3673","3/21/1991","4335","3046","SABINAL BANK","24822","24395","FAILURE","PO","BIF"
"28512","SL","JACKSON HEIGHTS, NY","166282","3/22/1991","2206","3047","STATE SAVINGS","445379","393817","FAILURE","PA","RTC"
"28605","SL","CHICKASHA, OK","4311","3/22/1991","2160","3048","FIRST FSA OF CHICKASHA","161381","153087","FAILURE","PA","RTC"
"29287","SB","DES MOINES, IA","50214","3/22/1991","1289","3049","UNITED FSA OF IOWA","895845","715825","FAILURE","PA","RTC"
"30940","SB","SWAINSBORO, GA","46343","3/22/1991","2207","3050","THE FEDERAL SB, FSB","150907","131244","FAILURE","PA","RTC"
"31648","SL","ADA, OK","44585","3/22/1991","2146","3051","AMERICAN FEDERAL BANK","110234","90436","FAILURE","PA","RTC"
"32175","SB","BORGER, TX","6158","3/22/1991","7403","3052","CITIZENS SECURITY BANK","34089","28176","FAILURE","PA","RTC"
"32563","SB","ROCKVILLE, MD","8380","3/22/1991","2165","3053","REPUBLIC SB, FSB","26394","26499","FAILURE","PA","RTC"
"32095","SB","SANTA BARBARA, CA","103369","3/27/1991","2197","3054","COUNTY BANK, FSB","1172063","961737","FAILURE","PA","RTC"
"25817","NM","HARTFORD, CT","53299","3/28/1991","4336","3055","THE LANDMARK BANK","227859","219851","FAILURE","PA","BIF"
"22487","NM","CLAREMONT, NH","40626","3/29/1991","4337","3056","CITY BANK AND TRUST","116044","119406","FAILURE","PA","BIF"
"24043","N","LIMON, CO","3011","3/29/1991","4338","3057","CITIZENS NATIONAL BANK","11414","11251","FAILURE","IDT","BIF"
"11576","NM","WEIMAR, TX","2212","4/4/1991","4339","3058","FIRST STATE BANK","26023","26208","FAILURE","PA","BIF"
"19612","SM","GRAFTON, WV","3752","4/5/1991","4340","3059","THE BLUEVILLE BANK OF GRAFTON","48118","46936","FAILURE","PA","BIF"
"28347","SL","HAMILTON, OH","1172","4/5/1991","2140","3060","COLUMBIA FSA OF HAMILTON","61327","51742","FAILURE","PA","RTC"
"29417","SL","SANFORD, FL","17734","4/5/1991","2210","3061","FIRST FS & LA OF SEMINOLE CO.","185267","160429","FAILURE","PA","RTC"
"30361","SL","ZION, IL","6158","4/5/1991","2144","3062","FIRST SAVINGS OF ZION","63207","60613","FAILURE","PA","RTC"
"31270","SB","ASHBURN, GA","2746","4/5/1991","2200","3063","FIRST FEDERAL SB, FSB","30156","30573","FAILURE","PA","RTC"
"18723","NM","SHREVEPORT, LA","10525","4/11/1991","4341","3064","AMERICAN BANK & TRUST COMPANY","60928","60439","FAILURE","PA","BIF"
"23487","NM","TUCSON, AZ","7329","4/12/1991","4343","3065","ARIZONA COMMERCE BANK","80832","79757","FAILURE","PA","BIF"
"27315","NM","HAMDEN, CT","29581","4/12/1991","4342","3066","WHITNEY BANK AND TRUST","40601","49222","FAILURE","IDT","BIF"
"32054","SL","WATERBURY, CT","49989","4/12/1991","2192","3067","SECURITY SAVINGS & LOAN","143194","129364","FAILURE","PA","RTC"
"25120","N","SHERMAN, TX","2728","4/18/1991","4344","3068","COMMUNITY NATIONAL BANK","19048","18929","FAILURE","PA","BIF"
"29844","SL","WEST PATERSON, NJ","94773","4/19/1991","1268","3069","PROSPECT PARK, FSB","511522","474313","FAILURE","PA","RTC"
"30392","SB","NASHVILLE, TN","112220","4/19/1991","2203","3070","METROPOLITAN FS & LA","985057","811836","FAILURE","PA","RTC"
"31914","SL","SOUTHAVEN, MS","9121","4/19/1991","2139","3071","MERCANTILE SAVINGS BANK","33779","33995","FAILURE","PA","RTC"
"32596","SL","MUSKOGEE, OK","0","4/19/1991","1219","3072","CIMARRON FEDERAL SAVINGS","781965","713933","FAILURE","PA","RTC"
"32603","SL","KINGFISHER, OK","-386","4/19/1991","2187","3073","CHISHOLM FS & LA","154401","147099","FAILURE","PA","RTC"
"23217","SM","JEFFERSON COUNTY, CO","2002","4/26/1991","4345","3074","COLUMBINE VALLEY BANK AND TRUST","9458","9213","FAILURE","PA","BIF"
"29588","SL","ALGONA, IA","4","4/26/1991","2154","3075","HOME FS & LA, FA","134307","116937","FAILURE","PA","RTC"
"29819","SB","BALTIMORE, MD","5595","4/26/1991","2185","3076","AUGUSTA FSA","151333","132558","FAILURE","PI","RTC"
"32202","SB","MARINA DEL REY, CA","6324","4/26/1991","2167","3077","EXECUTIVE SB, FSB","58634","55501","FAILURE","PA","RTC"
"32380","SB","BELTSVILLE, MD","147716","4/26/1991","1286","3078","JOHN HANSON FSB","840701","658563","FAILURE","PA","RTC"
"32598","SB","IRVING, TX","3","4/26/1991","1212","3079","SUNBELT SAVINGS","6038921","4265330","FAILURE","PA","RTC"
"32605","SL","LAWTON, OK","-442","4/26/1991","2205","3080","RED RIVER FS & LA","422245","378312","FAILURE","PA","RTC"
"26791","NM","BOSTON, MA","127300","5/3/1991","4347","3081","BOSTON TRADE BANK","307033","301548","FAILURE","IDT","BIF"
"28975","SL","PITTSBURG, KS","5","5/3/1991","2143","3082","FIRST FS & LA OF PITTSBURG","290886","143505","FAILURE","PA","RTC"
"30370","SB","CHICAGO, IL","1319","5/3/1991","2153","3083","CENTURY FEDERAL SAVINGS","25857","24375","FAILURE","PA","RTC"
"30413","SB","NORFOLK, VA","12306","5/3/1991","2193","3084","SENTRY FSA","50295","47246","FAILURE","PO","RTC"
"30686","SL","MARIETTA, OH","3322","5/3/1991","2155","3085","LIBERTY SB, FSB","17787","17762","FAILURE","PA","RTC"
"31179","SL","FAIRFIELD, NJ","3585","5/3/1991","2190","3086","NEWTON SAVINGS BANK, FSA","40854","38447","FAILURE","PA","RTC"
"32412","SL","ALBUQUERQUE, NM","29423","5/3/1991","2181","3087","SECURITY FS & LA OF ALBUQUERQUE","261711","193444","FAILURE","PI","RTC"
"3397","N","POTH, TX","1450","5/9/1991","4350","3088","THE FIRST NATIONAL BANK OF POTH","18673","18545","FAILURE","PA","BIF"
"8441","NM","CHIRENO, TX","1467","5/9/1991","4346","3089","CHIRENO STATE BANK","12397","12345","FAILURE","PA","BIF"
"18709","NM","TEMPLE, TX","10724","5/9/1991","4349","3090","TEXAS BANK AND TRUST OF TEMPLE","45228","44972","FAILURE","PA","BIF"
"25736","N","JERSEY VILLAGE, TX","8505","5/9/1991","4348","3091","VILLAGE GREEN NATIONAL BANK","29452","27110","FAILURE","IDT","BIF"
"18960","N","WASHINGTON, DC","77772","5/10/1991","4352","3092","MADISON NATIONAL BANK","473781","404200","FAILURE","PA","BIF"
"20210","N","MCLEAN, VA","18207","5/10/1991","4353","3093","MADISON NATIONAL BANK OF VIRGINIA","174187","159413","FAILURE","PA","BIF"
"27418","SM","BALTIMORE, MD","968","5/10/1991","4351","3094","THE WASHINGTON BANK (OF MARYLAND)","38974","39003","FAILURE","IDT","BIF"
"28265","SL","FARGO, ND","3040","5/10/1991","2142","3095","FIRST FS & LA OF FARGO","50013","51170","FAILURE","PA","RTC"
"28523","SB","CHICAGO, IL","0","5/10/1991","7289","3096","CAPITOL FEDERAL BANK FOR SAVINGS","39274","33403","FAILURE","PA","RTC"
"28885","SL","CRESTON, IA","1751","5/10/1991","2141","3097","FIRST FS & LA OF CRESTON","67326","67915","FAILURE","PA","RTC"
"30782","SB","NEWTON, KS","1477","5/10/1991","2138","3098","FIRST FSA OF NEWTON","125607","105802","FAILURE","PA","RTC"
"31552","SL","ABBEVILLE, LA","323","5/10/1991","2145","3099","VERMILION FSB","17825","17570","FAILURE","PA","RTC"
"32100","SB","WARNER ROBINS, GA","9770","5/10/1991","2176","3100","GUARANTY FSA","25648","23606","FAILURE","PA","RTC"
"32537","SL","CRANSTON, RI","28617","5/10/1991","2173","3101","COLONIAL FSB","60629","62304","FAILURE","PO","RTC"
"19935","NM","DALLAS, TX","25404","5/16/1991","4355","3102","CAPITAL BANK","111610","104756","FAILURE","PA","BIF"
"27131","N","CEDAR HILL, TX","2553","5/16/1991","4354","3103","FIRST NATIONAL BANK OF CEDAR HILL","10959","11132","FAILURE","PA","BIF"
"15404","N","CHICAGO, IL","14870","5/17/1991","4357","3104","THE COSMOPOLITAN NATIONAL BANK OF CHICAGO","110088","108468","FAILURE","PA","BIF"
"22504","NM","NEW ORLEANS, LA","10404","5/17/1991","4356","3105","FIRST CITY BANK","56068","56509","FAILURE","PA","BIF"
"29002","SB","MOBILE, AL","71167","5/17/1991","1280","3106","ALTUS FSB","1970413","1154520","FAILURE","PA","RTC"
"29795","SB","LUDINGTON, MI","807","5/17/1991","2161","3107","LUDINGTON FSB","34190","33661","FAILURE","PA","RTC"
"6499","N","TOMS RIVER, NJ","115612","5/22/1991","4358","3108","THE FIRST NATIONAL BANK OF TOMS RIVER","1417531","1380815","FAILURE","PA","BIF"
"16544","N","LOVINGTON, NM","3917","5/23/1991","4359","3109","LIBERTY NATIONAL BANK","51370","51562","FAILURE","PA","BIF"
"29202","SB","PORTLAND, OR","313560","5/23/1991","1263","3110","FAR WEST FSB","2070002","1286017","FAILURE","PA","RTC"
"20753","NM","HOLIDAY, FL","16482","5/24/1991","4360","3111","FLORIDA STATE BANK","87374","81640","FAILURE","PA","BIF"
"27380","SM","ROANOKE, VA","4460","5/24/1991","4361","3112","FIRST SECURITY BANK","15885","15027","FAILURE","IDT","BIF"
"31436","SL","PASADENA, CA","41659","5/24/1991","2180","3113","PROGRESSIVE SAVINGS BANK","388336","373666","FAILURE","PA","RTC"
"10544","N","NEWTON, MA","104173","5/31/1991","4362","3114","UNIVERSITY BANK, NATIONAL ASSOCIATION","318836","295818","FAILURE","IDT","BIF"
"15963","SI","BUFFALO, NY","779432","5/31/1991","4363","3115","GOLDOME","9890866","6525085","FAILURE","PA","BIF"
"28019","SL","STATEN ISLAND, NY","9850","5/31/1991","2209","3116","WESTERLEIGH SAVINGS","147849","145160","FAILURE","PA","RTC"
"31168","SL","ST. PETERSBURG, FL","96925","5/31/1991","1264","3117","GOLDOME FSB","1476880","1320508","FAILURE","PA","RTC"
"31274","SB","SMYRNA, GA","10986","5/31/1991","2208","3118","UNITED FS & LA","119333","106033","FAILURE","PA","RTC"
"31363","SL","COMPTON, CA","88","5/31/1991","1217","3119","ENTERPRISE S&LA","13508","13115","FAILURE","PA","RTC"
"32126","SB","CALDWELL, TX","7388","5/31/1991","2166","3120","BURLESON COUNTY SAVINGS ASSOC.","31475","31986","FAILURE","PA","RTC"
"32592","SB","EL PASO, TX","-4386","5/31/1991","1206","3121","MERABANK TEXAS","1157911","744873","FAILURE","PI","RTC"
"25142","N","SAN ANTONIO, TX","789","6/6/1991","4364","3122","NORTHWEST BANK, NATIONAL ASSOCIATION","7204","7215","FAILURE","PA","BIF"
"28161","SL","NEW ORLEANS, LA","15075","6/7/1991","1301","3123","DRYADES S & LA","262265","259731","FAILURE","PA","RTC"
"90310","SI","WOBURN, MA","35933","6/7/1991","4365","3124","WOBURN FIVE CENTS SAVINGS BANK","247219","239998","FAILURE","PA","BIF"
"17681","NM","HORTON, KS","4250","6/13/1991","4366","3125","THE BANK OF HORTON","167298","170540","FAILURE","PA","BIF"
"19012","N","AMARILLO, TX","11845","6/13/1991","4367","3126","TASCOSA NATIONAL BANK OF AMARILLO","73908","75195","FAILURE","PA","BIF"
"23039","NM","HEWITT, TX","3959","6/13/1991","4368","3127","PEOPLES BANK","17273","16674","FAILURE","PA","BIF"
"27274","N","VICTORIA, TX","1245","6/13/1991","4369","3128","TEXAS PREMIER BANK OF VICTORIA, NATIONAL A","15449","15278","FAILURE","PA","BIF"
"30538","SL","SPRINGFIELD, PA","-551","6/14/1991","2194","3129","SPRINGFIELD FSLA","97522","95318","FAILURE","PA","RTC"
"31276","SB","LOWELL, IN","1366","6/14/1991","2159","3130","FIRST COMMERCE SB, FSB","10886","10520","FAILURE","PA","RTC"
"26659","SI","BOSTON, MA","2887","6/21/1991","4370","3131","BEACON CO-OPERATIVE BANK","31806","30538","FAILURE","PA","BIF"
"32179","SL","HUNTINGTON BEACH, CA","150166","6/21/1991","1296","3132","GUARDIAN FSA","682096","654275","FAILURE","PA","RTC"
"17795","SI","BOSTON, MA","169857","6/28/1991","4371","3133","FIRST MUTUAL BANK FOR SAVINGS","1129946","1081228","FAILURE","PA","BIF"
"28786","SL","JONESBORO, AR","16282","6/28/1991","2182","3134","UNITED FS & LA","142465","136677","FAILURE","PA","RTC"
"30758","SB","PALISADES PARK, NJ","145771","6/28/1991","1211","3135","METROBANK FS & LA","474327","350087","FAILURE","PA","RTC"
"32566","SL","MORGANTON, NC","1830","7/9/1991","1231","3136","SURETY FS & LA","224820","163447","FAILURE","PA","RTC"
"23882","N","DRIPPING SPRINGS, TX","3682","7/12/1991","4372","3137","DRIPPING SPRINGS NATIONAL BANK","20177","20527","FAILURE","PA","BIF"
"25592","NM","SAN DIEGO, CA","2208","7/12/1991","4373","3138","LANDMARK THRIFT AND LOAN ASSOCIATION","16638","15835","FAILURE","PO","BIF"
"27825","SL","DANBURY, CT","24663","7/12/1991","2174","3139","DANBURRY SAVINGS & LOAN","270228","184143","FAILURE","PA","RTC"
"29295","SB","BARRON, WI","1906","7/12/1991","2178","3140","MONYCOR SAVINGS BANK","151736","137588","FAILURE","PA","RTC"
"31800","SL","SAN MATEO, CA","8346","7/12/1991","1272","3141","PAN AMERICAN FSB","287190","250176","FAILURE","PA","RTC"
"32223","SL","AUSTIN, TX","4995","7/12/1991","2158","3142","FIDELITY FS & LA","67044","56885","FAILURE","PO","RTC"
"20960","NM","METAIRIE, LA","29418","7/19/1991","4378","3143","PONTCHARTRAIN STATE BANK","139958","142089","FAILURE","PA","BIF"
"26331","NM","ELMWOOD PARK, NJ","16016","7/19/1991","4377","3144","COMMUNITY GUARDIAN BANK","55327","55038","FAILURE","PA","BIF"
"30010","SL","CLINTON, OK","2434","7/19/1991","7360","3145","CLINTON S & LA","22220","21565","FAILURE","PA","RTC"
"30545","SL","WESTMONT, IL","1","7/19/1991","2150","3146","COOPERATIVE FSB","74903","46985","FAILURE","PA","RTC"
"32494","SL","HIALEAH, FL","28173","7/19/1991","2168","3147","NEW METROPOLITAN FSB","18440","43214","FAILURE","PA","RTC"
"3283","NM","KERENS, TX","5128","7/25/1991","4379","3148","THE KERENS BANK","19538","19848","FAILURE","PA","BIF"
"22325","NM","ANSONIA, CT","13403","7/26/1991","4381","3149","THE HOUSATONIC BANK & TRUST CO","69070","64075","FAILURE","PA","BIF"
"27157","N","HILLSBOROUGH TWNS, NJ","27794","7/26/1991","4380","3150","SUBURBAN NATIONAL BANK","91091","91287","FAILURE","PA","BIF"
"29498","SL","RAWLINS, WY","2695","7/26/1991","7381","3151","WESTLAND FS & LA","31809","31705","FAILURE","PA","RTC"
"32301","SL","SAN FRANCISCO, CA","34963","7/26/1991","1209","3152","ATLANTIC FINANCIAL FSB","448913","413500","FAILURE","PA","RTC"
"27618","SB","COLUMBIA, SC","2702","8/2/1991","1238","3153","STANDARD FS & LA","319651","280738","FAILURE","PA","RTC"
"32438","SB","BOYNTON BEACH, FL","16190","8/2/1991","1292","3154","CORAL COAST FSB","61158","60341","FAILURE","PA","RTC"
"2531","NM","BRIDGEPORT, CT","511098","8/9/1991","4382","3155","CITYTRUST","1918530","1807942","FAILURE","PA","BIF"
"18256","SB","BRIDGEPORT, CT","324571","8/9/1991","4383","3156","MECHANICS AND FARMERS SAVINGS BANK","1083920","903692","FAILURE","PA","BIF"
"21605","NM","WEST PALM BEACH, FL","12617","8/9/1991","4384","3157","SOUTHCOAST BANK CORPORATION","26094","26674","FAILURE","PO","BIF"
"22908","NM","HYPOLUXO, FL","30995","8/9/1991","4385","3158","BANK OF SOUTH PALM BEACHES","61282","63475","FAILURE","PA","BIF"
"28041","SB","SAN DIEGO, CA","995496","8/9/1991","1279","3159","GREAT AMERICAN FSA","9523603","7230789","FAILURE","PA","RTC"
"28587","SL","LARCHMONT, NY","6","8/9/1991","7398","3160","LARCHMONT FS & LA","123777","123595","FAILURE","PA","RTC"
"29041","SL","THIEF RIVER FALLS, MN","2620","8/9/1991","7396","3161","FIRST FS & LA OF THIEF RIVER FALLS","54605","55516","FAILURE","PA","RTC"
"22016","N","FAYETTEVILLE, AR","936","8/16/1991","4387","3162","NORTHWEST NATIONAL BANK","29438","30190","FAILURE","PA","BIF"
"27463","N","ENFIELD, CT","4529","8/16/1991","4386","3163","ENFIELD NATIONAL BANK","18966","19759","FAILURE","IDT","BIF"
"32249","SB","TUCSON, AZ","11229","8/16/1991","1210","3164","FIRST AMERICAN FSB","144988","130273","FAILURE","IDT","RTC"
"32252","SL","ARLINGTON, TX","4682","8/16/1991","2164","3165","CENTRE SA, FA","15233","15618","FAILURE","PA","RTC"
"14421","NM","CUERO, TX","1255","8/22/1991","4389","3166","BUCHEL BANK & TRUST CO.","25026","24778","FAILURE","PA","BIF"
"15379","NM","MEXIA, TX","3734","8/22/1991","4388","3167","FIRST MEXIA BANK","22479","22432","FAILURE","PA","BIF"
"27657","SL","ST. LOUIS, MO","1896","8/23/1991","2183","3168","NEW AGE FSA","9238","9585","FAILURE","PA","RTC"
"27693","SB","SPRINGFIELD, OH","22550","8/23/1991","7415","3169","MERCHANTS & MECHANICS FSB","209860","206081","FAILURE","PA","RTC"
"27842","SL","MT. VERNON, OH","4","8/23/1991","7412","3170","FIRST FS & LA","73142","74359","FAILURE","PA","RTC"
"5519","N","SAN SABA, TX","1058","8/29/1991","4390","3171","THE SAN SABA NATIONAL BANK","15607","15492","FAILURE","PA","BIF"
"14804","N","BLACKWELL, OK","1088","8/29/1991","4391","3172","FIRST NATIONAL BANK AND TRUST CO","33498","33799","FAILURE","PA","BIF"
"26273","N","HILTON HEAD ISLAND, SC","20857","8/30/1991","4394","3173","HILTON HEAD BANK & TRUST COMPANY","64629","63039","FAILURE","PA","BIF"
"26792","NM","MILFORD, NH","23907","8/30/1991","4392","3174","HILLSBOROUGH BANK AND TRUST CO","49895","59467","FAILURE","PA","BIF"
"27862","SB","LOUISVILLE, KY","29147","8/30/1991","7422","3175","FUTURE FEDERAL SAVINGS BANK","422336","408926","FAILURE","PA","RTC"
"30961","SB","PRESTONSBURG, KY","0","8/30/1991","2148","3176","UNITED FSB","39869","39317","FAILURE","PA","RTC"
"31588","SL","MIDDLETOWN, PA","17492","8/30/1991","1261","3177","HOMESTEAD FSA","223248","180986","FAILURE","PA","RTC"
"90228","SI","LOWELL, MA","122009","8/30/1991","4393","3178","LOWELL INSTITUTION FOR SAVINGS","386363","318149","FAILURE","PA","BIF"
"18242","SI","SUFFIELD, CT","83633","9/6/1991","4395","3179","SUFFIELD BANK","294777","257036","FAILURE","PA","BIF"
"23679","NM","ALLENSTOWN, NH","10248","9/6/1991","4396","3180","THE FAMILY BANK AND TRUST","46671","46973","FAILURE","PA","BIF"
"29411","SL","TOLEDO, OH","9719","9/6/1991","7435","3181","UNITED HOME FEDERAL","443424","446860","FAILURE","PA","RTC"
"32023","SL","LA MESA, CA","18381","9/6/1991","7433","3182","HEARTLAND S & LA","121671","120790","FAILURE","PA","RTC"
"32454","SL","WEST PALM BEACH, FL","12678","9/6/1991","1291","3183","BAY FSB","58064","54053","FAILURE","PA","RTC"
"26924","NM","WHITE RIVER JUNCTION, VT","11069","9/13/1991","4397","3184","VALLEY BANK","33694","35568","FAILURE","PA","BIF"
"28177","SB","CHARLESTON, WV","3584","9/13/1991","1235","3185","EVERGREEN FS & LA","40271","34959","FAILURE","PA","RTC"
"32224","SB","CROCKETT, TX","2321","9/13/1991","2171","3186","DAVY CROCKETT FS & LA","50532","48311","FAILURE","PO","RTC"
"19591","NM","HARRISBURG, IL","627","9/16/1991","1989","3187","FIRST BANK AND TRUST","26582","26248","ASSISTANCE","A/A","BIF"
"3575","N","MIAMI, FL","0","9/19/1991","4400","3188","SOUTHEAST BANK, NATIONAL ASSOCIATION","11026691","8908637","FAILURE","PA","BIF"
"16944","NM","PENSACOLA, FL","0","9/19/1991","4401","3189","SOUTHEAST BANK OF WEST FLORIDA","97289","88214","FAILURE","PA","BIF"
"28889","SB","DRESHER, PA","10147","9/19/1991","1255","3190","ABRAHAM LINCOLN FSA","189089","166964","FAILURE","PA","RTC"
"24502","SI","ARLINGTON, MA","96642","9/20/1991","4398","3191","BANK FIVE FOR SAVINGS","386572","402696","FAILURE","PA","BIF"
"26946","N","SOMERVILLE, NJ","6010","9/20/1991","4399","3192","MID-JERSEY NATIONAL BANK","29471","28451","FAILURE","IDT","BIF"
"26843","NM","NORWOOD, MA","12361","9/27/1991","4402","3193","MIDCOUNTY BANK AND TRUST COMPANY","62113","58231","FAILURE","PA","BIF"
"27633","SL","BEAUMONT, TX","24891","9/27/1991","2114","3194","FIRST FEDERAL SAVINGS","251153","251734","FAILURE","PA","RTC"
"27867","SL","SANTA PAULA, CA","6947","9/27/1991","2125","3195","SANTA PAULA S & LA","280667","242557","FAILURE","PA","RTC"
"27962","SL","CHICAGO, IL","63518","9/27/1991","2129","3196","UNITED SAVINGS OF AMERICA","1160926","1067681","FAILURE","PA","RTC"
"28742","SL","NUTLEY, NJ","17887","9/27/1991","2121","3197","NUTLEY SAVINGS & LOAN","188649","178510","FAILURE","PA","RTC"
"29092","SL","HARLAN, IA","35","9/27/1991","2119","3198","HOME FS & LA OF HARLAN","91411","89021","FAILURE","PA","RTC"
"29460","SB","PLYMOUTH, MA","20068","9/27/1991","1250","3199","PLYMOUTH FSA","174717","137835","FAILURE","PA","RTC"
"29563","SL","SAYVILLE, NY","29136","9/27/1991","2113","3200","EASTERN FS & LA OF SAYVILLE","249533","264912","FAILURE","PA","RTC"
"32400","SL","FAIR OAKS, CA","2094","9/27/1991","2118","3201","GOLD RIVER SB","24140","21944","FAILURE","PA","RTC"
"11259","SM","GUNNISON, CO","1516","10/2/1991","1995","3202","THE GUNNISON BANK & TRUST CO.","20082","19255","ASSISTANCE","A/A","BIF"
"20027","NM","BIG LAKE, TX","4552","10/3/1991","4404","3203","REAGAN STATE BANK","20254","20902","FAILURE","PA","BIF"
"26815","N","BRANFORD, CT","1655","10/3/1991","4403","3204","HARBOR NATIONAL BANK OF CONNECTICUT","22853","22824","FAILURE","PA","BIF"
"11486","NM","NASHUA, NH","35469","10/10/1991","4407","3205","NASHUA TRUST COMPANY","425059","397018","FAILURE","PA","BIF"
"15952","NM","MANCHESTER, NH","64402","10/10/1991","4409","3206","BANKEAST","816843","631606","FAILURE","PA","BIF"
"17178","SI","MANCHESTER, NH","190785","10/10/1991","4411","3207","AMOSKEAG BANK","937259","768425","FAILURE","PA","BIF"
"17237","SB","MANCHESTER, NH","110982","10/10/1991","4408","3208","NUMERICA SAVINGS BANK, FSB","509074","436535","FAILURE","PA","BIF"
"17879","N","HAMPTON, NH","8162","10/10/1991","4406","3209","BANK MERIDIAN, NATIONAL ASSOCIATION","109379","105416","FAILURE","PA","BIF"
"26700","SI","MANCHESTER, NH","220604","10/10/1991","4410","3210","DARTMOUTH BANK","877159","835263","FAILURE","PA","BIF"
"27287","SI","CONCORD, NH","229739","10/10/1991","4412","3211","NEW HAMPSHIRE SAVINGS BANK","1171673","947219","FAILURE","PA","BIF"
"28946","SB","GILFORD, NH","16683","10/10/1991","1295","3212","HOMEBANK FSA","255081","192059","FAILURE","PA","RTC"
"17189","SI","TILTON, NH","5334","10/11/1991","4405","3213","IONA SAVINGS BANK","31180","29513","FAILURE","PA","BIF"
"28763","SL","ORLANDO, FL","148030","10/11/1991","2132","3214","THE FIRST, FEDERAL ASSOCIATION","1066094","960802","FAILURE","PA","RTC"
"29191","SB","LUBBOCK, TX","5152","10/11/1991","2189","3215","FIRST FEDERAL SAVINGS","223669","222486","FAILURE","PA","RTC"
"31990","SL","CLEARWATER, FL","9210","10/11/1991","1249","3216","LIFE FSB","107603","88524","FAILURE","PA","RTC"
"32090","SL","NEW ORLEANS, LA","2345947","10/13/1991","1299","3217","OAKTREE FEDERAL SAVINGS","2214549","2256189","FAILURE","PI","RTC"
"29342","SB","PONTIAC, MI","34307","10/16/1991","1232","3218","FIRST FS & LA","916980","558620","FAILURE","PA","RTC"
"32615","SB","JACKSONVILLE, FL","8855","10/16/1991","1271","3219","CITIZENS FSA","65710","66972","FAILURE","PA","RTC"
"17822","SI","MERIDEN, CT","242063","10/18/1991","4413","3220","CENTRAL BANK","654715","627935","FAILURE","PA","BIF"
"24565","N","SAN CLEMENTE, CA","14527","10/18/1991","4415","3221","MISSION VALLEY BANK, NATIONAL ASSOC","42672","40510","FAILURE","IDT","BIF"
"27373","NM","CROMWELL, CT","8598","10/18/1991","4414","3222","CONNECTICUT VALLEY BANK","28359","27862","FAILURE","PA","BIF"
"25837","N","BEDFORD, TX","2394","10/24/1991","4416","3223","FIRST NATIONAL BANK, BEDFORD","23189","23253","FAILURE","PA","BIF"
"10413","NM","PAGOSA SPRINGS, CO","2055","10/25/1991","4418","3224","THE CITIZENS BANK OF PAGOSA SPRINGS","17275","16649","FAILURE","PA","BIF"
"18317","NM","BOSTON, MA","85653","10/25/1991","4417","3225","COOLIDGE BANK AND TRUST COMPANY","321204","315007","FAILURE","PA","BIF"
"26561","NM","WILMINGTON, NC","5704","10/25/1991","4419","3226","FIRST HANOVER BANK","48212","46547","FAILURE","PA","BIF"
"26695","N","MIAMI, FL","1536","10/29/1991","4422","3227","THE PRIVATE BANK & TRUST, NATION","4264","0","FAILURE","PO","BIF"
"22824","NM","BATON ROUGE, LA","3583","10/30/1991","4420","3228","BANK OF THE SOUTH","31835","31307","FAILURE","PA","BIF"
"15514","NM","SAN ANTONIO, TX","8889","10/31/1991","4421","3229","UNION BANK","84877","85239","FAILURE","PA","BIF"
"30027","SL","MIDDLETOWN, NJ","3835","11/1/1991","1226","3230","MARINE VIEW FSB","119221","107526","FAILURE","PA","RTC"
"19519","N","NEW YORK, NY","95868","11/7/1991","4423","3231","COMMUNITY NATIONAL BANK AND TRUST","333771","354235","FAILURE","IDT","BIF"
"32143","SL","WESTMINSTER, CA","11975","11/8/1991","1256","3232","DELTA FSB","52410","29400","FAILURE","PA","RTC"
"32543","SB","MARIETTA, GA","25527","11/8/1991","1297","3233","COBB FSA","83159","82813","FAILURE","PA","RTC"
"12124","NM","WORTHINGTON, IN","1427","11/14/1991","4426","3234","WORTHINGTON STATE BANK","36646","34227","FAILURE","IDT","BIF"
"18239","SI","NEW HAVEN, CT","203462","11/14/1991","4424","3235","CONNECTICUT SAVINGS BANK","1044990","897732","FAILURE","PA","BIF"
"25898","N","ALVARADO, TX","2835","11/14/1991","4425","3236","ALVARADO NATIONAL BANK","9169","9489","FAILURE","PA","BIF"
"16927","NM","DURHAM, NH","6312","11/15/1991","4427","3237","DURHAM TRUST COMPANY","71024","68528","FAILURE","PA","BIF"
"28295","SB","OTTUMWA, IA","735","11/22/1991","2191","3238","PEOPLES FSA","34316","33662","FAILURE","PA","RTC"
"28446","SL","CLENVIEW, IL","1849","11/22/1991","2196","3239","WESTERN FS & LA","33164","26424","FAILURE","PA","RTC"
"30324","SL","PHILADELPHIA, PA","10445","11/22/1991","1224","3240","CHASE SAVINGS & LOAN","46857","46011","FAILURE","PA","RTC"
"30665","SL","TRENTON, NJ","16819","11/22/1991","1277","3241","WHITE HORSE FS & LA","72477","67897","FAILURE","PA","RTC"
"26274","N","MIAMI, FL","6270","11/26/1991","4428","3242","FIRST NATIONAL BANK OF MIAMI","40462","40877","FAILURE","IDT","BIF"
"24660","NM","KANSAS CITY, KS","881","12/4/1991","1994","3243","THE DOUGLASS BANK","31860","30217","ASSISTANCE","A/A","BIF"
"25128","NM","OLD SAYBROOK, CT","18749","12/6/1991","4429","3244","SAYBROOK BANK AND TRUST COMPANY","77287","78375","FAILURE","PA","BIF"
"26585","SI","QUINCY, MA","14026","12/12/1991","4430","3245","GRANITE CO-OPERATIVE BANK","103814","84328","FAILURE","IDT","BIF"
"2599","N","LEOMINSTER, MA","29446","12/13/1991","4432","3246","MERCHANTS NATIONAL BANK","153615","147364","FAILURE","PA","BIF"
"17048","SI","BRIDGEPORT, CT","93901","12/13/1991","4434","3247","THE BANK MART","578220","486776","FAILURE","PA","BIF"
"26241","NM","HONOLULU, HI","878","12/13/1991","4435","3248","FEDERAL FINANCE & MORTGAGE, LTD","7732","7427","FAILURE","IDT","BIF"
"27151","NM","EAST HARTFORD, CT","12893","12/13/1991","4431","3249","BANK OF EAST HARTFORD","36581","38396","FAILURE","PA","BIF"
"31724","SB","RICHMOND, VA","470676","12/13/1991","1215","3250","INVESTORS FSB","2057643","1431239","FAILURE","PA","RTC"
"21113","NM","OAKLAND PARK, FL","2931","12/20/1991","4433","3251","NORTH RIDGE BANK","94332","92729","FAILURE","PA","BIF"
"26493","NM","STOCKTON, CA","21028","1/3/1992","4436","3252","ASSURED THRIFT AND LOAN ASSOCIATION","48226","46635","FAILURE","PO","BIF"
"18720","NM","DALLAS, GA","12692","1/10/1992","4437","3253","THE CITIZENS BANK","60568","59063","FAILURE","IDT","BIF"
"31024","SL","HAMMONTON, NJ","42408","1/10/1992","1265","3254","HANSEN FSA","572398","427259","FAILURE","PA","RTC"
"31231","SB","VIENNA, VA","453690","1/10/1992","2152","3255","PERPETUAL SAVINGS BANK","2892072","2447078","FAILURE","PA","RTC"
"32258","SL","PALM BEACH GARDEN, FL","10907","1/10/1992","1294","3256","HANSEN FSB","51816","43441","FAILURE","PA","RTC"
"26954","SM","COTTONWOOD, AZ","1412","1/16/1992","4438","3257","THE BANK OF VERDE VALLEY","10254","10155","FAILURE","PA","BIF"
"11138","NM","BANGS, TX","2977","1/23/1992","4439","3258","FIRST STATE BANK","16518","16416","FAILURE","PA","BIF"
"7052","N","FLEISCHMANNS, NY","3633","1/24/1992","4440","3259","AMERICAN NATIONAL BANK OF NEW YORK","18006","17823","FAILURE","PO","BIF"
"16013","SB","BROOKLYN, NY","753397","1/24/1992","4442","3260","CROSSLAND SAVINGS BANK, FSB","7431636","5514987","FAILURE","PA","BIF"
"26468","N","SAN JUAN, PR","8010","1/24/1992","4441","3261","BANCO NACIONAL, NATIONAL ASSOCIATION","52084","48860","FAILURE","PA","BIF"
"32210","SB","NORTHRIDGE, CA","19298","1/24/1992","1252","3262","ADVANCED FSB","23089","23557","FAILURE","PO","RTC"
"18675","NM","LOS ANGELES, CA","137204","1/30/1992","4446","3263","INDEPENDENCE BANK","535786","547627","FAILURE","PO","BIF"
"25878","NM","NEWINGTON, NH","5824","1/30/1992","4443","3264","ATLANTIC TRUST COMPANY","21229","22733","FAILURE","PA","BIF"
"26945","SM","SCOTTSDALE, AZ","4734","1/31/1992","4445","3265","FOUNTAIN BANK","15639","16125","FAILURE","PA","BIF"
"27000","NM","HARTFORD, CT","27542","1/31/1992","4444","3266","SENTINEL BANK","74846","73512","FAILURE","PA","BIF"
"29518","SL","METAIRIE, LA","288288","1/31/1992","2156","3267","PELICAN HOMESTEAD SA","1284313","1489485","FAILURE","PA","RTC"
"30582","SB","PANAMA CITY, FL","15967","1/31/1992","1276","3268","SECURITY FSA","107078","100444","FAILURE","PA","RTC"
"25146","NM","FORT WORTH, TX","17483","2/6/1992","4448","3269","LANDMARK BANK OF FORTH WORTH","80529","80517","FAILURE","PI","BIF"
"16377","NM","KEMPTON, IL","564","2/7/1992","4447","3270","KEMPTON STATE BANK","3644","3612","FAILURE","PA","BIF"
"27213","N","FORT MYERS, FL","5209","2/7/1992","4449","3271","MERCHANTS NATIONAL BANK","35091","35262","FAILURE","IDT","BIF"
"30265","SL","MELBOURNE, FL","15421","2/7/1992","2151","3272","UNITED SAVINGS OF AMERICA, FA","327158","293368","FAILURE","PA","RTC"
"90226","SI","LOWELL, MA","26720","2/14/1992","4450","3273","THE CENTRAL SAVINGS BANK","369110","354218","FAILURE","PA","BIF"
"15897","SI","WHITE PLAINS, NY","309136","2/21/1992","4451","3274","DOLLAR DRY DOCK BANK","4028368","3733163","FAILURE","PA","BIF"
"25882","N","CORAL SPRINGS, FL","2621","2/21/1992","4452","3275","NATIONAL CITY BANK","19031","18593","FAILURE","IDT","BIF"
"27309","SM","WEST CHESTER, PA","12081","2/21/1992","4453","3276","THE BANK OF BRANDYWINE VALLEY","44930","47334","FAILURE","IDT","BIF"
"25907","SM","AVONDALE, AZ","3677","2/27/1992","4455","3277","COLUMBIA BANK","16987","16859","FAILURE","IDT","BIF"
"23455","N","MISSION VIEJO, CA","31421","2/28/1992","4454","3278","MISSION VIEJO NATIONAL BANK","114584","102372","FAILURE","PO","BIF"
"26364","SI","WALLINGFORD, CT","5662","2/28/1992","4456","3279","COLONY SAVINGS BANK","35664","32801","FAILURE","PA","BIF"
"28588","SL","GLEN BURNIE, MD","5143","2/28/1992","1230","3280","IRVINGTON FSB","43817","43203","FAILURE","PA","RTC"
"30999","SL","LEMONT, IL","53022","2/28/1992","1244","3281","LEMONT FSA","193664","188801","FAILURE","PA","RTC"
"31238","SL","PHILADELPHIA, PA","2779","2/28/1992","1221","3282","ALPHA INDIAN ROCK FS & LA","7208","7677","FAILURE","PA","RTC"
"32383","SB","RESTON, VA","36862","2/28/1992","1273","3283","VISTA FSA","113212","108736","FAILURE","PA","RTC"
"27092","NM","LAWRENCE, MA","19261","3/6/1992","4457","3284","NEW HERITAGE BANK","99806","99939","FAILURE","IDT","BIF"
"24601","N","RAYNE, LA","1654","3/12/1992","4458","3285","PROGRESSIVE NATIONAL BANK OF RAYNE","11412","11177","FAILURE","PA","BIF"
"30852","SL","PHILADELPHIA, PA","8868","3/12/1992","1288","3286","UKRANIAN FS & LA","74915","72642","FAILURE","PA","RTC"
"15000","NM","PATERSON, NJ","76188","3/13/1992","4459","3287","BROADWAY BANK","400540","383318","FAILURE","IDT","BIF"
"29158","SB","ST. BERNARD, OH","0","3/13/1992","2175","3288","FIRST OHIO SB, FSB","40774","31768","FAILURE","PA","RTC"
"29530","SL","NEW ORLEANS, LA","2204","3/13/1992","1259","3289","CARROLTON HOME","35856","32646","FAILURE","PA","RTC"
"19801","NM","ANACONDA, MT","5990","3/16/1992","4460","3290","FIRST SECURITY BANK OF ANACONDA","31553","30234","FAILURE","PA","BIF"
"10668","NM","TRYON, OK","940","3/19/1992","4465","3291","FARMERS & MERCHANTS BANK","4291","4139","FAILURE","PA","BIF"
"23633","N","NACOGDOCHES, TX","3294","3/19/1992","4463","3292","SOUTHSIDE NATIONAL BANK","12040","12049","FAILURE","PA","BIF"
"24793","SM","PLANO, TX","2809","3/19/1992","4462","3293","INDEPENDENCE BANK","21836","20846","FAILURE","PI","BIF"
"23289","SI","MALDEN, MA","21723","3/20/1992","4461","3294","THE BANK FOR SAVINGS","397979","392720","FAILURE","PA","BIF"
"23855","N","PASADENA, CA","12398","3/20/1992","4464","3295","UNITED MERCANTILE B & T CO, N.A.","36452","37701","FAILURE","IDT","BIF"
"20284","NM","OKLAHOMA CITY, OK","2255","3/26/1992","4468","3296","AMERICAN  BANK OF COMMERCE","13481","13777","FAILURE","PA","BIF"
"32762","N","WASHINGTON, DC","3393","3/26/1992","4466","3297","THEODORE ROOSEVELT NATIONAL BANK","13834","13589","FAILURE","PA","BIF"
"17778","SI","HOLYOKE, MA","120495","3/27/1992","4467","3298","VANGUARD SAVINGS BANK","427949","432557","FAILURE","PA","BIF"
"24633","SM","ROSEVILLE, CA","5340","3/27/1992","4469","3299","PLACER BANK OF COMMERCE","34820","33109","FAILURE","PA","BIF"
"30826","SL","MIAMI, FL","101588","3/27/1992","2201","3300","FLAGLER FS & LA","1601277","1493111","FAILURE","PA","RTC"
"27146","NM","WOODSTOCK, GA","6884","3/31/1992","4470","3301","FIRST COMMUNITY BANK OF CHEROKEE","35648","33714","FAILURE","IDT","BIF"
"22414","NM","BEVERLY HILLS, CA","24956","4/3/1992","4472","3302","THE BANK OF BEVERLY HILLS","125939","122347","FAILURE","PO","BIF"
"26447","N","TORRINGTON, CT","22780","4/3/1992","4471","3303","SUMMIT NATIONAL BANK","91381","89766","FAILURE","IDT","BIF"
"29584","SL","SEDALIA, MO","2","4/3/1992","2212","3304","FIRST STATE SA","166121","163947","FAILURE","PA","RTC"
"31453","SB","MANASSAS, VA","16425","4/3/1992","1274","3305","COMMONWEALTH FSB","72536","64780","FAILURE","PA","RTC"
"20413","NM","DALLAS, TX","10532","4/9/1992","4473","3306","RED BIRD BANK OF DALLAS","38568","37666","FAILURE","PA","BIF"
"23860","NM","STAMFORD, CT","19204","4/9/1992","4474","3307","FAIRFIELD COUNTY TRUST COMPANY","132437","132001","FAILURE","PA","BIF"
"29222","SL","DAYTONA BEACH, FL","24074","4/10/1992","1207","3308","SECURITY FIRST FS & LA","1013550","904202","FAILURE","PA","RTC"
"31768","SL","VAN NUYS, CA","124377","4/10/1992","1208","3309","VALLEY FS & LA","1996340","1549633","FAILURE","PA","RTC"
"32639","SB","FALLS CHURCH, VA","14463","4/10/1992","1248","3310","FEDERAL SA OF VIRGINIA","31479","29585","FAILURE","PA","RTC"
"23865","NM","STOCKTON, CA","4823","4/24/1992","4479","3311","VALLEY COMMERCIAL BANK","30767","29410","FAILURE","IDT","BIF"
"26971","NM","NORWALK, CT","17448","4/24/1992","4477","3312","THE NORWALK BANK","80597","77227","FAILURE","PA","BIF"
"27002","NM","LYNN, MA","70553","4/24/1992","4478","3313","SHORE BANK & TRUST CO.","183184","184170","FAILURE","PI","BIF"
"27853","SB","RAPID CITY, SD","24066","4/24/1992","1213","3314","FIRST FSB OF SOUTH DAKOTA","155900","169948","FAILURE","PA","RTC"
"32186","SL","COLUMBIA, SC","7515","4/24/1992","1237","3315","FIRST SOUTH SB","56956","48503","FAILURE","PA","RTC"
"90170","SI","BROCKTON, MA","10457","4/24/1992","4475","3316","SOUTHSTATE BANK FOR SAVINGS","285923","267466","FAILURE","PI","BIF"
"21315","N","WASHINGTON, DC","2246","5/1/1992","4480","3317","METROPOLITAN BANK, N.A.","27090","27074","FAILURE","IDT","BIF"
"25059","N","SAN FRANCISCO, CA","25639","5/4/1992","4483","3318","THE FINANCIAL CENTER BANK, N.A.","225189","218847","FAILURE","PO","BIF"
"9380","SM","JACKSON, MO","16383","5/7/1992","4487","3319","JACKSON EXCHANGE BANK & TRUST CO","123295","127822","FAILURE","PI","BIF"
"24242","SM","FREDERICKTOWN, MO","1639","5/7/1992","4486","3320","FIRST EXCHANGE BANK OF MADISON COUNTY","34814","34238","FAILURE","PI","BIF"
"24863","SM","CAPE GIRARDEAU, MO","9713","5/7/1992","4484","3321","FIRST EXCHANGE BANK OF CAPE GIRARDEAU","84418","87015","FAILURE","PI","BIF"
"26613","SM","ST. LOUIS, MO","7066","5/7/1992","4488","3322","FIRST EXCHANGE BANK OF  ST. LOUIS","55555","60891","FAILURE","PI","BIF"
"32742","SM","FLORISSANT, MO","0","5/7/1992","4485","3323","FIRST EXCHANGE BANK NORTH ST. LOUIS","45880","47038","FAILURE","PI","BIF"
"26901","NM","BROOKFIELD, CT","41728","5/8/1992","4489","3324","BROOKFIELD BANK","60696","68675","FAILURE","IDT","BIF"
"31664","SB","MARTINSBURG, WV","5139","5/8/1992","1241","3325","SHENANDOAH FSA","94195","69001","FAILURE","PA","RTC"
"8158","NM","MALDEN, MA","39417","5/15/1992","4490","3326","MALDEN TRUST COMPANY","225228","238455","FAILURE","PI","BIF"
"29650","SB","LEWISTON, ME","11773","5/21/1992","1253","3327","FIRST FSA","83004","76333","FAILURE","PA","RTC"
"27001","NM","MORRIS PLAINS, NJ","6893","5/22/1992","4491","3328","POWDER MILL BANK","49587","47944","FAILURE","PA","BIF"
"26864","SI","BOSTON, MA","12935","5/29/1992","4492","3329","WORKINGMEN'S CO-OPERATIVE BANK","223665","189866","FAILURE","PI","BIF"
"27570","NM","CORONA DEL MAR, CA","4496","5/29/1992","4493","3330","NORTH AMERICAN THRIFT AND LOAN","21276","20863","FAILURE","PO","BIF"
"14909","NM","LONGTON, KS","730","6/4/1992","4495","3331","THE HOME STATE BANK","4189","4212","FAILURE","PO","BIF"
"26895","NM","CHICAGO, IL","1205","6/4/1992","4494","3332","MAYFAIR BANK","32170","29707","FAILURE","PI","BIF"
"28867","SL","LAFAYETTE HILL, PA","18550","6/4/1992","1233","3333","HOME UNITY FEDERAL","684804","632317","FAILURE","PA","RTC"
"27728","SL","LITTLE FERRY, NJ","5155","6/5/1992","1246","3334","VOLUNTEER FSA","51240","49370","FAILURE","PA","RTC"
"28847","SB","NORTH CHARLESTON, SC","10740","6/5/1992","1282","3335","COOPER RIVER, FSA","228859","201442","FAILURE","PA","RTC"
"29595","SB","GREENSBORO, NC","35421","6/5/1992","1239","3336","FIRST AMERICAN FSB","804316","639124","FAILURE","PA","RTC"
"32389","SB","MATTESON, IL","0","6/5/1992","1216","3337","REPUBLIC FSB","290292","264244","FAILURE","PA","RTC"
"16017","SI","WHITE PLAINS, NY","431311","6/12/1992","4497","3338","AMERICAN SAVINGS BANK","3202492","2827416","FAILURE","PI","BIF"
"16033","SI","RIVERHEAD, NY","0","6/12/1992","4498","3339","RIVERHEAD SAVINGS BANK","388806","316612","FAILURE","PI","BIF"
"21082","NM","NEWPORT BEACH, CA","7427","6/12/1992","4499","3340","AMERICAN INTERSTATE BANK","41990","40792","FAILURE","PI","BIF"
"21997","SI","WHITMAN, MA","11238","6/12/1992","4496","3341","LANDMARK BANK FOR SAVINGS","62124","48107","FAILURE","PA","BIF"
"29084","SB","CLEVELAND, TN","0","6/12/1992","1304","3342","CHEROKEE VALLEY FSA","142536","124432","FAILURE","PA","RTC"
"29855","SL","ROCHESTER, NY","40629","6/12/1992","1283","3343","COLUMBIA BANKING FED.","1277433","1078091","FAILURE","PA","RTC"
"31452","SB","SAN CLEMENTE, CA","32751","6/12/1992","1228","3344","SAN CLEMENTE FSB","220368","205745","FAILURE","PA","RTC"
"28250","SL","PITTSBURGH, PA","463","6/19/1992","1218","3345","FIRST HOME FSA","131686","129271","FAILURE","PA","RTC"
"29541","SB","NEW LONDON, CT","5887","6/19/1992","1281","3346","COASTAL FSB","238194","224473","FAILURE","PA","RTC"
"32452","SB","NEWPORT BEACH, CA","3193","6/19/1992","1223","3347","FIRST NEWPORT FSB","35042","34365","FAILURE","PA","RTC"
"25063","N","SAN ANTONIO, TX","429","6/25/1992","4502","3348","CASTLE HILLS NATIONAL BANK","13769","13718","FAILURE","PI","BIF"
"26420","N","HOUSTON, TX","4454","6/25/1992","4501","3349","AMERICAN NATIONAL BANK - POST OAK","24735","25067","FAILURE","PI","BIF"
"6251","NM","SOMERSWORTH, NH","18433","6/26/1992","4503","3350","THE SOMERSWORTH BANK","114129","113453","FAILURE","PA","BIF"
"25918","NM","BOSTON, MA","69196","6/26/1992","4500","3351","OLYMPIC INTERNATIONAL BANK & TRUST","140339","142322","FAILURE","PI","BIF"
"27402","NM","VERNON, CT","3133","6/26/1992","4504","3352","VERNON BANK","34296","34543","FAILURE","PI","BIF"
"30285","SB","JACKSONVILLE, FL","25258","6/26/1992","1262","3353","JACKSONVILLE FSA","150884","147507","FAILURE","PA","RTC"
"29234","SB","SAN DIEGO, CA","751633","7/6/1992","1243","3354","HOMEFED BANK, FA","12175590","8903571","FAILURE","PI","RTC"
"28387","SB","CLEVELAND, OH","52125","7/10/1992","1303","3355","TRANSOHIO, FSB","3370809","2396269","FAILURE","PA","RTC"
"29724","SL","ATLANTA, GA","8384","7/10/1992","1269","3356","SOUTHERN FSA OF GEORGIA","159982","151424","FAILURE","PA","RTC"
"30091","SB","NORFOLK, VA","42797","7/10/1992","1305","3357","HOME FSB","224198","195186","FAILURE","PA","RTC"
"13383","NM","SPRINGFIELD, MN","127","7/17/1992","4505","3358","STATE BANK OF SPRINGFIELD","30267","28464","FAILURE","PA","BIF"
"31931","SL","WARRENTON, VA","12265","7/17/1992","1257","3359","LIBERTY FSB","91966","86915","FAILURE","PA","RTC"
"32444","SB","WELLESLEY, MA","25919","7/17/1992","1247","3360","NEW ENGLAND FSA","137307","118091","FAILURE","PA","RTC"
"26676","N","WEBSTER, TX","14241","7/23/1992","4506","3361","FIRST NATIONAL BANK OF TEXAS","92076","91348","FAILURE","PI","BIF"
"29418","SL","PHENIX CITY, AL","390","7/24/1992","1222","3362","FIRST RUSSELL COUNTY","86987","80457","FAILURE","PA","RTC"
"18966","NM","BROCKTON, MA","13416","7/31/1992","4507","3363","MASSACHUSETTS BANK & TRUST CO.","61824","59427","FAILURE","PI","BIF"
"20396","SM","FOXWORTH, MS","5375","8/7/1992","4508","3364","FOXWORTH BANK","36460","36030","FAILURE","PA","BIF"
"32468","SB","CHARLESTON, SC","8780","8/7/1992","1270","3365","CITADEL FS & LA","38978","37571","FAILURE","PA","RTC"
"90307","SI","WINCHENDON, MA","7309","8/14/1992","4509","3366","WINCHENDON SAVINGS BANK","65213","64012","FAILURE","PI","BIF"
"28078","SL","BIRMINGHAM, AL","3416","8/21/1992","1227","3367","BIRMINGHAM FSB","91770","82123","FAILURE","PA","RTC"
"90257","SI","PAWTUCKET, MA","28119","8/21/1992","4510","3368","ATTLEBORO PAWTUCKET SB","632450","567733","FAILURE","PI","BIF"
"15979","SI","PATCHOGUE, NY","133851","8/28/1992","4511","3369","THE UNION SAVINGS BANK","491100","529486","FAILURE","PI","BIF"
"18066","SI","DOVER, NH","7114","8/28/1992","4512","3370","SEACOAST SAVINGS BANK","84808","64786","FAILURE","PI","BIF"
"32388","SB","SILVER SPRING, MD","31995","8/28/1992","1245","3371","POTOMAC FSB","72326","68838","FAILURE","PA","RTC"
"5596","N","YORKTOWN, TX","7614","9/10/1992","4513","3372","THE FIRST NATIONAL BANK OF YORKTOWN","34439","34512","FAILURE","PI","BIF"
"21181","NM","FAIRFAX COUNTY, VA","5071","9/18/1992","4514","3373","THE WASHINGTON BANK","28113","27871","FAILURE","PI","BIF"
"90266","SI","PLYMOUTH, MA","5281","9/18/1992","4515","3374","PLYMOUTH FIVE CENTS SAVINGS BANK","220972","182877","FAILURE","PI","BIF"
"27470","N","LITTLE ROCK, AR","1857","9/24/1992","4516","3375","FIRST EXCHANGE BANK OF LITTLE ROCK","24681","24396","FAILURE","PI","BIF"
"26844","N","CLINTON TOWNSHIP, NJ","2511","9/25/1992","4517","3376","HIGHLANDS COMMUNITY BANK, N.A.","19702","19546","FAILURE","PA","BIF"
"27416","NM","EDISON, NJ","7343","9/25/1992","4518","3377","HOMETOWN BANK","25200","24816","FAILURE","PA","BIF"
"16146","SI","NEWARK, NJ","67979","10/2/1992","4520","3378","THE HOWARD SAVINGS BANK","3461421","3378992","FAILURE","PA","BIF"
"22850","N","KIHEI, HI","870","10/2/1992","4519","3379","EASTWEST BANK, N.A.","3754","3398","FAILURE","IDT","BIF"
"27160","SI","NEW HAVEN, CT","125592","10/2/1992","4521","3380","FIRST CONSTITUTION BANK","1571240","1350530","FAILURE","PA","BIF"
"28998","SB","MANASSAS, VA","75636","10/9/1992","1278","3381","PEIDMONT FSA","444605","370085","FAILURE","PA","RTC"
"15579","NM","RANGER, TX","3","10/16/1992","1998","3382","FREEDOM BANK","20888","20338","ASSISTANCE","A/A","BIF"
"22689","NM","LANHAM, MD","5978","10/16/1992","4522","3383","UNIVERSAL BANK","18026","18050","FAILURE","PO","BIF"
"31418","SL","JACKSON, MS","42647","10/16/1992","1266","3384","SECURITY FS & LA","276476","271387","FAILURE","PA","RTC"
"31543","SB","GAITHERSBURG, MD","527571","10/21/1992","1312","3385","STANDARD FSB","1717520","1539974","FAILURE","PA","RTC"
"1722","SM","DALLAS, TX","0","10/30/1992","4529","3386","FIRST CITY, TEXAS - DALLAS, NA","1359158","1307005","FAILURE","PI","BIF"
"3093","N","BEAUMONT, TX","0","10/30/1992","4526","3387","FIRST CITY, TEXAS - BEAUMONT, NA","532248","488695","FAILURE","PA","BIF"
"3120","N","BRYAN, TX","0","10/30/1992","4527","3388","FIRST CITY, TEXAS - BRYAN, NA","340189","318838","FAILURE","PA","BIF"
"3227","N","GRAHAM, TX","0","10/30/1992","4531","3389","FIRST CITY, TEXAS - GRAHAM, NA","95398","86486","FAILURE","PA","BIF"
"3316","N","LUFKIN, TX","0","10/30/1992","4535","3390","FIRST CITY, TEXAS - LUFKIN, NA","156640","145727","FAILURE","PA","BIF"
"3318","N","MADISONVILLE, TX","0","10/30/1992","4536","3391","FIRST CITY, TEXAS - MADISONVILLE","123394","114740","FAILURE","PA","BIF"
"3344","N","MIDLAND, TX","0","10/30/1992","4537","3392","FIRST CITY, TEXAS - MIDLAND, NA","313055","289991","FAILURE","PA","BIF"
"3374","N","ORANGE, TX","0","10/30/1992","4538","3393","FIRST CITY, TEXAS - ORANGE, NA","131984","122457","FAILURE","PA","BIF"
"5506","N","SAN ANGELO, TX","0","10/30/1992","4539","3394","FIRST CITY, TEXAS - SAN ANGELO,","142819","131932","FAILURE","PA","BIF"
"5562","N","TYLER, TX","0","10/30/1992","4542","3395","FIRST CITY, TEXAS - TYLER, NA","259208","231534","FAILURE","PA","BIF"
"11914","NM","SOUR LAKE, TX","0","10/30/1992","4541","3396","FIRST CITY, TEXAS - SOUR LAKE","53521","48823","FAILURE","PA","BIF"
"13702","N","HOUSTON, TX","0","10/30/1992","4532","3397","FIRST CITY, TEXAS - HOUSTON, NA","2802064","2519978","FAILURE","PI","BIF"
"15721","N","AUSTIN, TX","0","10/30/1992","4525","3398","FIRST CITY, TEXAS - AUSTIN, NA","345518","331568","FAILURE","PI","BIF"
"16524","NM","LAKE JACKSON, TX","0","10/30/1992","4534","3399","FIRST CITY, TEXAS - LAKE JACKSON","104302","96353","FAILURE","PA","BIF"
"16560","N","EL PASO, TX","0","10/30/1992","4530","3400","FIRST CITY, TEXAS - EL PASO, NA","395894","367322","FAILURE","PA","BIF"
"17299","SM","KOUNTZE, TX","0","10/30/1992","4533","3401","FIRST CITY, TEXAS - KOUNTZE, NA","51347","46969","FAILURE","PA","BIF"
"17343","NM","ALICE, TX","0","10/30/1992","4523","3402","FIRST CITY, TEXAS - ALICE, NA","128044","118027","FAILURE","PA","BIF"
"20029","NM","ARANSAS PASS, TX","0","10/30/1992","4524","3403","FIRST CITY, TEXAS - ARANSAS PASS","51695","47213","FAILURE","PA","BIF"
"21190","SM","CORPUS CHRISTI, TX","0","10/30/1992","4528","3404","FIRST CITY, TEXAS - CORPUS CHRIS","462832","383384","FAILURE","PA","BIF"
"24723","N","SAN ANTONIO, TX","0","10/30/1992","4540","3405","FIRST CITY, TEXAS - SAN ANTONIO","265669","259018","FAILURE","PI","BIF"
"28218","SL","SAN FRANCISCO, CA","19189","10/30/1992","1236","3406","HOMESTEAD FSA","1314538","1234402","FAILURE","PI","RTC"
"27456","NM","BETHEL, CT","9775","11/6/1992","4544","3407","GREENWOOD BANK OF BETHEL, INC.","33255","33160","FAILURE","PA","BIF"
"30159","SB","WINDER, GA","4423","11/6/1992","1242","3408","FIRST FSB OF GEORGIA, FA","108173","97532","FAILURE","PA","RTC"
"17085","NM","WALTHAM, MA","60206","11/13/1992","4545","3409","GUARANTY-FIRST TRUST COMPANY","353230","348942","FAILURE","PI","BIF"
"21199","NM","KANSAS CITY, MO","159537","11/13/1992","4546","3410","METRO NORTH STATE BANK","472467","493828","FAILURE","PI","BIF"
"22073","NM","NEW YORK, NY","164561","11/13/1992","4549","3411","FIRST NEW YORK BANK FOR BUSINESS","530651","498907","FAILURE","PI","BIF"
"25721","NM","GRETNA, LA","4787","11/13/1992","4547","3412","INVESTORS BANK AND TRUST COMPANY","51586","50767","FAILURE","PA","BIF"
"26656","NM","REDWOOD CITY, CA","2341","11/13/1992","4548","3413","STATEWIDE THRIFT AND LOAN CO.","9636","9455","FAILURE","PA","BIF"
"30655","SL","OVERLAND PARK, KS","6406","11/13/1992","1229","3414","THE OVERLAND PARK FS & LA","213413","95324","FAILURE","PA","RTC"
"15886","SM","KANSAS CITY, MO","123159","11/20/1992","4550","3415","THE MERCHANTS BANK","1451535","1395338","FAILURE","PI","BIF"
"27660","SB","CHICAGO, IL","4589","11/20/1992","1254","3416","IRVING FB FOR SAVINGS","246965","246268","FAILURE","PA","RTC"
"28394","SL","NEW MILFORD, NJ","35138","11/20/1992","1275","3417","POLIFLY FS & LA","457974","374000","FAILURE","PA","RTC"
"29768","SL","CRESTLINE, OH","6949","11/20/1992","1225","3418","CRESTLINE FS & LA","27455","26775","FAILURE","PA","RTC"
"18245","SI","NEW BRITAIN, CT","78973","12/4/1992","4551","3419","BURRITT INTERFINANCIAL BANCORPORATION","523850","506022","FAILURE","PI","BIF"
"21996","SI","HOLYOKE, MA","24010","12/4/1992","4553","3420","HERITAGE BANK FOR SAVINGS","1288435","1000727","FAILURE","PI","BIF"
"26440","NM","HUNTINGTON, CA","17368","12/4/1992","4552","3421","HUNTINGTON PACIFIC THRIFT & LOAN","40476","38255","FAILURE","PO","BIF"
"30080","SL","MADISON, NJ","23977","12/4/1992","1309","3422","CARTERET FSB","4827462","2716356","FAILURE","PA","RTC"
"30217","SL","VINELAND, NJ","41434","12/4/1992","1287","3423","SECURITY FEDERAL","1185897","857581","FAILURE","PA","RTC"
"32339","SB","SALISBURY, MD","78024","12/4/1992","1302","3424","SECOND NATIONAL, FSB","1572770","1159197","FAILURE","PA","RTC"
"32244","SB","PALM BEACH GARDEN, FL","20897","12/8/1992","1240","3425","PALM BEACH FSA","59403","54369","FAILURE","PA","RTC"
"9015","NM","PRINCETON, TX","247","12/10/1992","2020","3426","CITIZENS STATE BANK","12943","12779","ASSISTANCE","A/A","BIF"
"15750","SI","PHILADELPHIA, PA","0","12/11/1992","4556","3427","MERITOR SAVINGS BANK","4126701","2909344","FAILURE","PA","BIF"
"16977","SI","WOONSOCKET, RI","10303","12/11/1992","4558","3428","EASTLAND SAVINGS BANK","515301","499012","FAILURE","PI","BIF"
"19725","NM","WOONSOCKET, RI","0","12/11/1992","4557","3429","EASTLAND BANK","85405","76172","FAILURE","PI","BIF"
"25306","SM","VIENNA, VA","4958","12/11/1992","4554","3430","SAILORS & MERCHANTS B&T CO.","34775","34481","FAILURE","PA","BIF"
"4378","N","RUSHVILLE, IN","6046","12/18/1992","4560","3431","THE RUSHVILLE NATIONAL BANK","41631","39677","FAILURE","PI","BIF"
"17428","NM","BREMEN, KS","722","12/18/1992","4559","3432","THE BREMEN STATE BANK","2679","2623","FAILURE","PO","BIF"
"24320","N","SANTA MONICA, CA","17631","1/22/1993","4561","3433","COLUMBIA NATIONAL BANK","47618","47627","FAILURE","PI","BIF"
"6290","N","BRADFORD, VT","25528","1/29/1993","4562","3434","FIRST NATIONAL BANK OF VERMONT","295784","282378","FAILURE","PI","BIF"
"29892","SB","PROVIDENCE, RI","73560","1/29/1993","1290","3435","OLD STONE SB","1847236","1704347","FAILURE","PA","RTC"
"32484","SB","CANOGA PARK, CA","15123","1/29/1993","1220","3436","VISTA FSA","105114","94489","FAILURE","PO","RTC"
"33186","SB","BATON ROUGE, LA","2207","1/29/1993","1258","3437","LIFE FSB","16753","16512","FAILURE","PA","RTC"
"17118","NM","HALTOM CITY, TX","14480","2/5/1993","4563","3438","AMERICAN BANK OF HALTOM CITY","99525","100195","FAILURE","PI","BIF"
"5499","N","ROSEBUD, TX","1499","2/25/1993","4564","3439","THE PLANTERS NB OF ROSEBUD","13728","13636","FAILURE","PI","BIF"
"7135","N","WATERTOWN, NY","43540","2/26/1993","4565","3440","JEFFERSON NATIONAL BANK","256014","248652","FAILURE","PI","BIF"
"23631","N","LAGUNA BEACH, CA","7393","3/4/1993","4566","3441","FIRST AMERICAN CAPITAL BANK, N.A","28451","26276","FAILURE","PI","BIF"
"32238","NM","BOCA RATON, FL","3589","3/16/1993","1293","3442","THE GUARDIAN BANK, FSB","75564","69245","FAILURE","PA","RTC"
"3295","N","LANCASTER, TX","161","3/18/1993","4567","3443","UNITED BANK, N.A.","49805","49016","FAILURE","PI","BIF"
"11890","NM","VEGA, TX","2828","4/1/1993","4569","3444","FIRST STATE BANK","21444","20743","FAILURE","PI","BIF"
"19444","NM","MISSION, KS","12899","4/2/1993","4572","3445","MIDLAND BANK OF KANSAS","124262","120891","FAILURE","PI","BIF"
"24111","N","OVERLAND PARK, KS","15438","4/2/1993","4571","3446","COLLEGE BOULEVARD NATIONAL BANK","202754","190827","FAILURE","PI","BIF"
"24564","N","LOS ANGELES, CA","25230","4/2/1993","4570","3447","OLYMPIC NATIONAL BANK","82446","80484","FAILURE","PI","BIF"
"27773","SL","PRAIRIE VILLAGE, KS","36310","4/2/1993","1251","3448","PIONEER FS & LA","132850","128001","FAILURE","PA","RTC"
"23581","NM","NORTHRIDGE, CA","8857","4/8/1993","4573","3449","PREMIER BANK","73024","69818","FAILURE","PI","BIF"
"24676","N","SAN DIEGO, CA","3092","4/15/1993","4574","3450","FIRST WESTERN BANK, N.A.","16235","15313","FAILURE","PI","BIF"
"14787","N","HAMBURG, IA","165","4/29/1993","4575","3451","VALLEY NATIONAL BANK OF FREMONT","6952","6809","FAILURE","PI","BIF"
"25055","N","ANAHEIM, CA","43596","4/30/1993","4576","3452","AMERICAN COMMERCE NATIONAL BANK","139087","127661","FAILURE","PI","BIF"
"24653","N","LOS ANGELES, CA","5919","5/6/1993","4577","3453","WILSHIRE CENTER BANK,","9677","9391","FAILURE","PI","BIF"
"32731","N","CHARLOTTE, NC","1658","5/20/1993","4578","3454","CROWN NATIONAL BANK","26341","24804","FAILURE","PI","BIF"
"18257","SI","NEW LONDON, CT","116968","5/21/1993","4580","3455","NEW ENGLAND SAVINGS BANK","914884","720512","FAILURE","PI","BIF"
"23796","N","ROLLING HILLS EST, CA","10296","5/21/1993","4579","3456","PALOS VERDES NATIONAL BANK","45633","47775","FAILURE","PI","BIF"
"29671","SL","MARINA DEL RAY, CA","107864","6/4/1993","1300","3457","WESTERN FSB","3796241","2704214","FAILURE","PA","RTC"
"17963","NM","AMARILLO, TX","2515","6/10/1993","4581","3458","BANKCENTRAL AMARILLO","34745","34059","FAILURE","PA","BIF"
"21560","NM","SAN JOSE, CA","5528","6/18/1993","4582","3459","AMERICAN BANK AND TRUST","35577","34583","FAILURE","PA","BIF"
"23183","NM","LOS ANGELES, CA","64131","6/18/1993","4583","3460","CAPITAL BANK OF CALIFORNIA","227732","224691","FAILURE","PO","BIF"
"27307","N","WASHINGTON, DC","1023","6/25/1993","4584","3461","CITY NATIONAL BANK OF WASHINGTON","23984","22716","FAILURE","PA","BIF"
"3733","N","RANTOUL, IL","679","7/1/1993","4585","3462","EAGLE BANK OF CHAMPAIGN COUNTY, NATIONAL A","20188","19706","FAILURE","PI","BIF"
"24846","N","HOUSTON, TX","8175","7/1/1993","4586","3463","WESTHEIMER NATIONAL BANK","27945","28116","FAILURE","PA","BIF"
"16335","SM","LAKEWOOD, CO","38567","7/2/1993","4588","3464","JEFFERSON BANK & TRUST","127077","119404","FAILURE","PI","BIF"
"27268","NM","SEATTLE, WA","1053","7/2/1993","4587","3465","EMERALD CITY BANK","7845","7219","FAILURE","PI","BIF"
"26488","NM","LA MESA, CA","14330","7/9/1993","4591","3466","FIRST CALIFORNIA BANK","79395","77014","FAILURE","PI","BIF"
"26495","NM","LOS ANGELES, CA","17697","7/9/1993","4590","3467","CITY THRIFT AND LOAN ASSOCIATION","39383","36977","FAILURE","PO","BIF"
"24757","N","HOUSTON, TX","5473","7/22/1993","4592","3468","FIDELITY NATIONAL BANK","52624","50348","FAILURE","PI","BIF"
"5592","N","WOLFE CITY, TX","4851","7/29/1993","4593","3469","THE WOLFE CITY NATIONAL BANK","30421","32231","FAILURE","PI","BIF"
"32728","N","NORFOLK, VA","792","8/12/1993","4594","3470","NEW ATLANTIC BANK, NA","15083","14364","FAILURE","PA","BIF"
"32228","SB","IRVINE, CA","4521","8/13/1993","1260","3471","GOLDEN STATE FSB","50629","46554","FAILURE","PO","RTC"
"18220","NM","FORT WORTH, TX","7328","8/25/1993","4595","3472","TARRANT BANK","62583","59718","FAILURE","PI","BIF"
"23135","NM","LOS ANGELES, CA","5922","8/27/1993","4596","3473","MARITIME BANK OF CALIFORNIA","31761","30932","FAILURE","PI","BIF"
"32136","SL","PLEASANTON, CA","2775","9/10/1993","1234","3474","AMADOR VALLEY S & L","41886","41150","FAILURE","PA","RTC"
"27174","NM","SAN FRANCISCO, CA","1450","9/17/1993","4597","3475","REGENT THRIFT AND LOAN ASSOCIATION","35751","7228","FAILURE","PI","BIF"
"24654","N","LOS ANGELES, CA","7232","9/24/1993","4598","3476","WESTERN UNITED NATIONAL BANK","23727","22602","FAILURE","PO","BIF"
"32229","NM","LOS ANGELES, CA","21646","9/24/1993","1267","3477","WESTSIDE BANK, FSB","81689","76949","FAILURE","PO","RTC"
"8446","N","NEW BRAUNFELS, TX","2725","10/14/1993","4599","3478","PLAZA BANK, N.A. OF NEW BRAUNFELS","54647","56897","FAILURE","PI","BIF"
"26995","NM","LOS ANGELES, CA","3323","10/15/1993","4600","3479","BRENTWOOD THRIFT AND LOAN ASSOCIATION","12920","11481","FAILURE","PO","BIF"
"24452","N","BREA, CA","14270","10/21/1993","4601","3480","MID CITY BANK, N.A.","105734","102630","FAILURE","PA","BIF"
"22815","NM","SAN DIEGO, CA","58850","10/29/1993","4602","3481","THE BANK OF SAN DIEGO","294277","289131","FAILURE","PI","BIF"
"26374","NM","LOS ANGELES, CA","9553","11/5/1993","4603","3482","CENTURY THRIFT AND LOAN","31876","24486","FAILURE","PO","BIF"
"19367","N","PARAMOUNT, CA","47674","4/1/1994","4606","3483","MECHANICS NATIONAL BANK","148713","148881","FAILURE","PI","BIF"
"25678","N","KANSAS CITY, MO","3650","4/14/1994","4607","3484","SUPERIOR NATIONAL BANK","19970","19618","FAILURE","IDT","BIF"
"18332","NM","LOWELL, MA","3750","5/6/1994","4608","3485","COMMERCIAL BANK AND TRUST COMPANY","30274","29762","FAILURE","PA","BIF"
"27027","N","SAN FRANCISCO, CA","684","5/19/1994","4609","3486","BARBARY COAST NATIONAL BANK","10678","9296","FAILURE","PA","BIF"
"31484","SB","ENCINO, CA","7424","6/3/1994","1284","3487","ENCINO SAVINGS BANK, FSB","92470","89098","FAILURE","PA","RTC"
"26909","SI","HARTFORD, CT","13815","6/10/1994","4610","3488","THE BANK OF HARTFORD","321457","276016","FAILURE","PA","BIF"
"20442","NM","MERIDEN, CT","0","7/7/1994","4612","3489","THE MERIDEN TRUST AND SAFE DEPOSIT","3203","0","FAILURE","IDT","BIF"
"23448","SM","FULLERTON, CA","14515","7/8/1994","4611","3490","PIONEER BANK","133250","128382","FAILURE","PI","BIF"
"21922","NM","LOS ANGELES, CA","28821","7/15/1994","4613","3491","BANK OF SAN PEDRO","132636","128303","FAILURE","PI","BIF"
"22796","NM","NEWPORT BEACH, CA","14107","7/29/1994","4614","3492","COMMERCE BANK","142315","138296","FAILURE","PI","BIF"
"23157","NM","CORONA, CA","2618","7/29/1994","4615","3493","WESTERN COMMUNITY BANK","54013","53141","FAILURE","PI","BIF"
"20637","NM","NEWPORT BEACH, CA","28711","8/12/1994","4616","3494","BANK OF NEWPORT","167802","161785","FAILURE","PI","BIF"
"3432","NM","DOWNEY, CA","17839","8/26/1994","4617","3495","CAPITAL BANK","76892","74408","FAILURE","PI","BIF"
"90230","SI","LUDLOW, MA","2866","10/21/1994","4618","3496","LUDLOW SAVINGS BANK","222671","229130","FAILURE","PA","BIF"
"32374","SB","MISSION VIEJO, CA","4047","12/16/1994","1308","3497","CORNERSTONE BANK FSB","44345","38410","FAILURE","PA","RTC"
"24754","SM","LOS ANGELES, CA","20450","1/20/1995","4619","3498","GUARDIAN BANK","316944","297948","FAILURE","IDT","BIF"
"3480","NM","ONTARIO, CA","25627","3/3/1995","4620","3499","FIRST TRUST BANK","227695","223573","FAILURE","PI","BIF"
"33190","NM","LOS ANGELES, CA","6078","3/31/1995","4621","3500","LOS ANGELES THRIFT AND LOAN COMPANY","23388","22280","FAILURE","PI","BIF"
"31899","SL","SAN FRANCISCO, CA","22226","4/28/1995","1310","3501","CONTINENTAL SAVINGS OF AMERICA","359422","357025","FAILURE","PA","RTC"
"29781","SL","NEW YORK, NY","5967","5/5/1995","1311","3502","AMERICAN S & L ASSOCIATION","64397","57667","FAILURE","PA","RTC"
"23751","N","KIHEI, MAUI, HI","2593","5/19/1995","4622","3503","BANK USA, N.A.","9048","9124","FAILURE","PI","BIF"
"23319","NM","TORRANCE, CA","19349","7/28/1995","4624","3504","PACIFIC HERITAGE BANK","147685","146100","FAILURE","PI","BIF"
"26187","NM","NEW HAVEN, CT","10374","7/28/1995","4623","3505","FOUNDERS BANK","77364","77362","FAILURE","PI","BIF"
"27525","N","PHILADELPHIA, PA","7701","3/8/1996","4625","3506","METROBANK OF PHILADELPHIA","40379","39177","FAILURE","PI","BIF"
"18662","NM","BORGER, TX","3378","5/31/1996","4626","3507","PEOPLE'S BANK & TRUST","22739","22288","FAILURE","PA","BIF"
"3382","N","PANHANDLE, TX","16312","6/14/1996","4627","3508","FIRST NB OF THE PANHANDLE","68126","67968","FAILURE","PI","BIF"
"26431","NM","SOUTHPORT, CT","5663","7/12/1996","4628","3509","FAIRFIELD FIRST BANK & TRUST CO","57267","57329","FAILURE","PA","BIF"
"29236","SB","LOS ANGELES, CA","21921","8/9/1996","6001","3510","UNION FEDERAL BANK, FSB","32576","32745","FAILURE","PI","SAIF"
"27072","NM","TORRANCE, CA","5640","8/16/1996","4629","3511","COMMONWEALTH THRIFT & LOAN","11547","10883","FAILURE","PI","BIF"
"18338","NM","JENNINGS, LA","5026","11/21/1997","4630","3512","SOUTHWEST BANK","27923","27511","FAILURE","PA","BIF"
"14758","SM","RIVER ROUGE, MI","2866","4/9/1998","4631","3513","OMNIBANK","42038","40462","FAILURE","PA","BIF"
"91189","NM","BOULDER, CO","218595","7/23/1998","4632","3514","BESTBANK","233223","206325","FAILURE","PI","BIF"
"2174","SM","FORT BENTON, MT","1590","8/7/1998","4633","3515","Q BANK","14977","13888","FAILURE","PI","BIF"
"17200","NM","COLUMBIA, SC","0","3/26/1999","4634","3516","VICTORY STATE BANK","13205","12887","FAILURE","PA","BIF"
"13300","SM","TUCUMCARI, NM","2222","4/23/1999","4635","3517","ZIA NEW MEXICO BANK","17251","16708","FAILURE","PA","BIF"
"25272","N","MARSHALL, TX","9855","7/9/1999","4636","3518","EAST TEXAS NB OF MARSHALL","121564","113054","FAILURE","PA","BIF"
"32491","SB","NORTH MIAMI BEACH, FL","1195","7/9/1999","6002","3519","OCEANMARK BANK, A FSB","68981","61303","FAILURE","PA","SAIF"
"6771","N","KEYSTONE, WV","532198","9/1/1999","4637","3520","FIRST NB OF KEYSTONE","1119865","880859","FAILURE","PI","BIF"
"18147","N","MIAMI, FL","3342","9/10/1999","4638","3521","PEOPLES NB OF COMMERCE","36823","35946","FAILURE","PA","BIF"
"27415","NM","WOODLAND HILLS, CA","42049","11/22/1999","4639","3522","PACIFIC THRIFT AND LOAN CO","127342","119451","FAILURE","PI","BIF"
"26748","NM","NEW YORK, NY","","12/10/1999","4640","3523","GOLDEN CITY COMMERCIAL BANK","87158","80365","FAILURE","PA","BIF"
"14228","NM","CARLISLE, IA","11574","1/14/2000","4641","3524","HARTFORD-CARLISLE SB","105044","68549","FAILURE","PI","BIF"
"27886","SB","ATLANTA, GA","1322","3/10/2000","6003","3525","MUTUAL FEDERAL SAVINGS BANK OF ATLANTA","31479","32234","FAILURE","PA","SAIF"
"25056","N","RIDGECREST, CA","617","6/2/2000","4642","3526","MONUMENT NATIONAL BANK","7923","7680","FAILURE","PA","BIF"
"10985","NM","ALMELUND, MN","1363","7/14/2000","4643","3527","TOWN & COUNTRY BANK OF ALMELUND","25942","26667","FAILURE","PI","BIF"
"338","NM","FALKNER, MS","14592","9/29/2000","4644","3528","BANK OF FALKNER","85485","77140","FAILURE","PI","BIF"
"21029","NM","HONOLULU, HI","400","10/13/2000","4645","3529","BANK OF HONOLULU","63890","59037","FAILURE","PI","BIF"
"3815","N","METROPOLIS, IL","2670","12/14/2000","4646","3530","NATIONAL STATE BANK OF METROPOLIS","90397","71277","FAILURE","PI","BIF"
"34264","NM","MANCHESTER, NH","817","2/2/2001","4647","3531","FIRST ALLIANCE BANK AND TRUST CO","17438","16931","FAILURE","PA","BIF"
"6629","N","MALTA, OH","769","5/3/2001","4648","3532","MALTA NATIONAL BANK","9075","8728","FAILURE","PA","BIF"
"32646","SB","HINSDALE, IL","286673","7/27/2001","6004","3533","SUPERIOR BANK, FSB","1765455","1609501","FAILURE","PI","SAIF"
"34248","N","GRAVETTE, AR","4206","9/7/2001","4649","3534","SINCLAIR NATIONAL BANK","29792","26054","FAILURE","PI","BIF"
"24382","N","MIAMI, FL","101748","1/11/2002","4650","3535","HAMILTON BANK, NATIONAL ASSOCIATION","1409496","1298731","FAILURE","PI","BIF"
"22002","NM","SIERRA BLANCA, TX","4574","1/18/2002","4651","3536","BANK OF SIERRA BLANCA","10764","9914","FAILURE","PI","BIF"
"8966","SM","OAKWOOD, OH","63600","2/1/2002","4652","3537","OAKWOOD DEPOSIT BANK","72267","60168","FAILURE","PI","BIF"
"22314","N","PHOENIX, AZ","164047","2/7/2002","4653","3538","NEXTBANK","700180","551297","FAILURE","PO","BIF"
"26652","N","BOCA RATON, FL","0","3/1/2002","4654","3539","NET FIRST NATIONAL BANK","37207","31601","FAILURE","PI","BIF"
"34979","SM","SHELBY TOWNSHIP, MI","4440","3/28/2002","4655","3540","NEW CENTURY BANK","21091","18902","FAILURE","PO","BIF"
"19183","NM","STAMFORD, CT","53784","6/26/2002","4656","3541","CONNECTICUT BANK OF COMMERCE","384172","344416","FAILURE","PI","BIF"
"29355","SB","CHICAGO, IL","274","6/27/2002","6005","3542","UNIVERSAL FSB","51628","40340","FAILURE","PI","SAIF"
"33784","SM","ATLANTA, GA","1326","9/30/2002","4657","3543","AMTRADE INTERNATIONAL BANK OF GEORGIA","92144","73205","FAILURE","PO","BIF"
"9961","NM","ALAMO, TN","9316","11/8/2002","4658","3544","BANK OF ALAMO","58454","52157","FAILURE","PO","BIF"
"16445","NM","CHENEYVILLE, LA","12205","12/17/2002","4659","3545","THE FARMERS BANK & TRUST OF CHENEYVILLE","35317","32103","FAILURE","PI","BIF"
"27094","NM","TORRANCE, CA","49179","2/7/2003","4660","3546","SOUTHERN PACIFIC BANK","904294","864160","FAILURE","PI","BIF"
"11639","N","BLANCHARDVILLE, WI","12788","5/9/2003","4661","3547","THE FIRST NATIONAL BANK OF BLANCHARDVILLE","34536","28760","FAILURE","PI","BIF"
"27203","SI","PHILADELPHIA, PA","679","11/14/2003","4662","3548","PULASKI SAVINGS BANK","8487","9058","FAILURE","PA","BIF"
"31330","SB","NEWARK, NJ","0","2/14/2004","6006","3549","DOLLAR SAVINGS BANK","13408","10909","FAILURE","PO","SAIF"
"26838","N","TALLAHASSEE, FL","0","3/12/2004","4663","3550","GUARANTY NATIONAL BANK","71280","65614","FAILURE","PA","BIF"
"26778","NM","WHITE PLAINS, NY","919","3/19/2004","4664","3551","RELIANCE BANK","28637","27881","FAILURE","PA","BIF"
"1249","SM","EPHRAIM, UT","2998","6/25/2004","4665","3552","BANK OF EPHRAIM","56774","52329","FAILURE","PI","BIF"
"35353","SI","PITTSBURGH, PA","9438","2/2/2007","10000","3553","METROPOLITAN SAVINGS BANK","15760","14540","FAILURE","PI","DIF"
"32575","SB","ALPHARETTA, GA","119608","9/28/2007","10001","3554","NETBANK","2473806","2290046","FAILURE","PI","DIF"
"16848","NM","LAKEVIEW, OH","28394","10/4/2007","10002","3555","MIAMI VALLEY BANK","125362","119601","FAILURE","PI","DIF"
"24660","N","KANSAS CITY, MO","7157","1/25/2008","10003","3556","DOUGLASS NATIONAL BANK","52824","50250","FAILURE","PA","DIF"
"1971","NM","HUME, MO","3755","3/7/2008","10004","3557","HUME BANK","18682","13566","FAILURE","PI","DIF"
"33901","N","BENTONVILLE, AR","1025204","5/9/2008","10005","3558","ANB FINANCIAL NATIONAL ASSOCIATION","1895545","1815691","FAILURE","PI","DIF"
"12736","N","STAPLES, MN","10305","5/30/2008","10006","3559","FIRST INTEGRITY BANK, N.A.","52916","50178","FAILURE","PA","DIF"
"29730","SL","PASADENA, CA","11997618","7/11/2008","10007","3560","INDYMAC BANK F.S.B","30698512","18941727","FAILURE","PI","DIF"
"27011","N","RENO, NV","710417","7/25/2008","10008","3561","FIRST NATIONAL BANK OF NEVADA","3411145","3038053","FAILURE","PA","DIF"
"57961","N","NEWPORT BEACH, CA","92139","7/25/2008","10009","3562","FIRST HERITAGE BANK N.A.","255376","234812","FAILURE","PA","DIF"
"57523","NM","BRADENTON, FL","95555","8/1/2008","10010","3563","FIRST PRIORITY BANK","258610","226698","FAILURE","PI","DIF"
"22728","NM","TOPEKA, KS","334277","8/22/2008","10011","3564","THE COLUMBIAN BANK AND TRUST COMPANY","735071","620354","FAILURE","PI","DIF"
"35469","NM","ALPHARETTA, GA","465942","8/29/2008","10012","3565","INTEGRITY BANK","1107514","962456","FAILURE","PA","DIF"
"34194","NM","HENDERSON, NV","722104","9/5/2008","10013","3566","SILVER STATE BANK","1957120","1733091","FAILURE","PI","DIF"
"6782","SB","NORTHFORK, WV","38290","9/19/2008","10014","3567","AMERIBANK, INC.","103965","100901","FAILURE","PA","DIF"
"32633","SB","HENDERSON, NV","0","9/25/2008","10015","3568","WASHINGTON MUTUAL BANK","307021614","188260793","FAILURE","PA","DIF"
"13789","NM","ELDRED, IL","16618","10/10/2008","10017","3569","MERIDIAN BANK","38223","36090","FAILURE","PA","DIF"
"57654","NM","NORTHVILLE, MI","56318","10/10/2008","10016","3570","MAIN STREET BANK","112368","98934","FAILURE","PA","DIF"
"58241","NM","ALPHARETTA, GA","211264","10/24/2008","10018","3571","ALPHA BANK & TRUST","354090","344231","FAILURE","PI","DIF"
"57930","NM","BRADENTON, FL","113456","10/31/2008","10019","3572","FREEDOM BANK","270842","256793","FAILURE","PA","DIF"
"23595","NM","SAN DIEGO, CA","148255","11/7/2008","10020","3573","SECURITY PACIFIC BANK","527959","456472","FAILURE","PA","DIF"
"26870","SI","HOUSTON, TX","614111","11/7/2008","10021","3574","FRANKLIN BANK, SSB","5089260","3692887","FAILURE","PA","DIF"
"16490","NM","LOGANVILLE, GA","335062","11/21/2008","10022","3575","THE COMMUNITY BANK","634901","603733","FAILURE","PA","DIF"
"28344","SB","POMONA, CA","258807","11/21/2008","10024","3576","PFF BANK & TRUST","3715433","2393845","FAILURE","PA","DIF"
"30968","SL","NEWPORT BEACH, CA","151232","11/21/2008","10023","3577","DOWNEY SAVINGS AND LOAN ASSOCIATION, F.A.","12779371","9653169","FAILURE","PA","DIF"
"7213","N","LAS VEGAS, NV","","11/23/2008","0","3578","CITIBANK, NATIONAL ASSOCIATION","1207007000","230042000","ASSISTANCE","OBAM","DIF"
"18708","SB","WILMINGTON, DE","","11/23/2008","0","3579","CITICORP TRUST BANK, FSB","19599414","7231013","ASSISTANCE","OBAM","DIF"
"18923","NM","CENTURY CITY, CA","","11/23/2008","0","3580","CITIBANK (BANAMEX USA)","1322720","876086","ASSISTANCE","OBAM","DIF"
"23360","N","SIOUX FALLS, SD","","11/23/2008","0","3581","CITIBANK (SOUTH DAKOTA), N.A.","77737957","42356986","ASSISTANCE","OBAM","DIF"
"58180","N","SIOUX FALLS, SD","","11/23/2008","0","3582","DEPARTMENT STORES NATIONAL BANK","374903","300881","ASSISTANCE","OBAM","DIF"
"34301","SM","JACKSON, GA","86315","12/5/2008","10025","3583","FIRST GEORGIA COMMUNITY BANK","256371","215287","FAILURE","PA","DIF"
"11568","NM","SANDERSON, TX","7710","12/12/2008","10026","3584","SANDERSON STATE BANK","38217","32012","FAILURE","PA","DIF"
"35379","NM","DULUTH, GA","246603","12/12/2008","10027","3585","HAVEN TRUST BANK","559551","489692","FAILURE","PA","DIF"
"3510","N","CHARLOTTE, NC","","1/16/2009","0","3586","BANK OF AMERICA N.A.","1471631047","954677580","ASSISTANCE","OBAM","DIF"
"19733","N","BERKELEY, IL","80488","1/16/2009","10028","3587","NATIONAL BANK OF COMMERCE","419741","395868","FAILURE","PA","DIF"
"25178","N","SAN FRANCISCO, CA","","1/16/2009","0","3588","BANK OF AMERICA CALIFORNIA N.A.","21502223","500","ASSISTANCE","OBAM","DIF"
"27374","NM","SALT LAKE CITY, UT","","1/16/2009","0","3589","MERRILL LYNCH BANK USA","61809503","53620324","ASSISTANCE","OBAM","DIF"
"33143","SB","ALEXANDRIA, VA","","1/16/2009","0","3590","COUNTRYWIDE BANK FSB","117978966","43663251","ASSISTANCE","OBAM","DIF"
"33318","N","WILMINGTON, DE","","1/16/2009","0","3591","FIA CARD SERVICES N.A.","159637136","9816599","ASSISTANCE","OBAM","DIF"
"34571","SB","NEW YORK, NY","","1/16/2009","0","3592","MERRILL LYNCH BANK & TRUST CO FSB","37986413","28539028","ASSISTANCE","OBAM","DIF"
"34959","NM","VANCOUVER, WA","150724","1/16/2009","10029","3593","BANK OF CLARK COUNTY","441085","377506","FAILURE","PI","DIF"
"35453","N","PORTLAND, OR","","1/16/2009","0","3594","BANK OF AMERICA OREGON N.A.","11526309","500","ASSISTANCE","OBAM","DIF"
"58032","N","PROVIDENCE, RI","","1/16/2009","0","3595","BANK OF AMERICA RHODE ISLAND N.A.","35410586","500","ASSISTANCE","OBAM","DIF"
"33025","NM","REDLANDS, CA","136041","1/23/2009","10030","3596","1ST CENTENNIAL BANK","797959","678570","FAILURE","PI","DIF"
"26538","N","OCALA, FL","93552","1/30/2009","10032","3597","OCALA NATIONAL BANK","219424","204663","FAILURE","PA","DIF"
"30763","SB","CROFTON, MD","73819","1/30/2009","10033","3598","SUBURBAN FEDERAL SAVINGS BANK","347408","301847","FAILURE","PA","DIF"
"58001","NM","SALT LAKE CITY, UT","170125","1/30/2009","10031","3599","MAGNET BANK","300674","282578","FAILURE","PO","DIF"
"22574","SM","MERCED, CA","61783","2/6/2009","10034","3600","COUNTY BANK","1711552","1324635","FAILURE","PA","DIF"
"23124","NM","CULVER CITY, CA","118079","2/6/2009","10035","3601","ALLIANCE BANK","1113361","951106","FAILURE","PA","DIF"
"57017","NM","MCDONOUGH, GA","151333","2/6/2009","10036","3602","FIRSTBANK FINANCIAL SERVICES","317237","279308","FAILURE","PA","DIF"
"5431","NM","LOUP CITY, NE","42684","2/13/2009","10039","3603","SHERMAN COUNTY BANK","135431","90647","FAILURE","PA","DIF"
"16500","NM","PITTSFIELD, IL","80894","2/13/2009","10037","3604","CORN BELT BANK AND TRUST COMPANY","260201","233788","FAILURE","PA","DIF"
"34563","SM","CAPE CORAL, FL","199818","2/13/2009","10038","3605","RIVERSIDE BANK OF THE GULF COAST","523673","422708","FAILURE","PA","DIF"
"57342","NM","BEAVERTON, OR","10218","2/13/2009","10040","3606","PINNACLE BANK","71921","64168","FAILURE","PA","DIF"
"35399","NM","SILVERTON, OR","39383","2/20/2009","10041","3607","SILVER FALLS BANK","134206","115976","FAILURE","PA","DIF"
"20078","NM","GLENWOOD, IL","48231","2/27/2009","10042","3608","HERITAGE COMMUNITY BANK","235154","225735","FAILURE","PA","DIF"
"34820","NM","HENDERSON, NV","32328","2/27/2009","10043","3609","SECURITY SAVINGS BANK","238307","174872","FAILURE","PA","DIF"
"57558","NM","COMMERCE, GA","43267","3/6/2009","10044","3610","FREEDOM BANK OF GEORGIA","172454","159048","FAILURE","PA","DIF"
"4754","N","PAOLA, KS","134593","3/20/2009","10046","3611","TEAMBANK, N.A.","669830","532520","FAILURE","PA","DIF"
"18243","NM","STOCKBRIDGE, GA","135210","3/20/2009","10047","3612","FIRSTCITY BANK","285015","259056","FAILURE","PO","DIF"
"18896","N","COLORADO SPRINGS, CO","12687","3/20/2009","10045","3613","COLORADO NATIONAL BANK","123508","85150","FAILURE","PA","DIF"
"22238","N","ATLANTA, GA","288415","3/27/2009","10048","3614","OMNI NATIONAL BANK","979585","813205","FAILURE","PO","DIF"
"34639","NM","WILMINGTON, NC","118565","4/10/2009","10049","3615","CAPE FEAR BANK","492418","402820","FAILURE","PA","DIF"
"34881","NM","GREELEY, CO","913432","4/10/2009","10050","3616","NEW FRONTIER BANK","1774588","1496347","FAILURE","DINB","DIF"
"8266","SB","SUGAR CREEK, MO","44669","4/17/2009","10052","3617","AMERICAN STERLING BANK","166456","170946","FAILURE","PA","DIF"
"33824","NM","ELKO, NV","20023","4/17/2009","10051","3618","GREAT BASIN BANK OF NEVADA","238940","220834","FAILURE","PA","DIF"
"32069","NM","CALABASAS, CA","8430","4/24/2009","10054","3619","FIRST BANK OF BEVERLY HILLS","1260354","866492","FAILURE","PO","DIF"
"34369","SM","FARMINGTON HILLS, MI","48551","4/24/2009","10056","3620","MICHIGAN HERITAGE BANK","167710","149065","FAILURE","PA","DIF"
"34396","SB","KETCHUM, ID","109230","4/24/2009","10055","3621","FIRST BANK OF IDAHO, FSB","490656","370580","FAILURE","PA","DIF"
"57943","NM","KENNESAW, GA","32820","4/24/2009","10053","3622","AMERICAN SOUTHERN BANK","105950","105940","FAILURE","PA","DIF"
"26535","N","ATLANTA, GA","644302","5/1/2009","10059","3623","SILVERTON BANK, NATIONAL ASSOCIATION","4157246","3314928","FAILURE","PO","DIF"
"35461","NM","LAYTON, UT","114334","5/1/2009","10057","3624","AMERICA WEST BANK","281564","286040","FAILURE","PA","DIF"
"57563","NM","RIDGEWOOD, NJ","18187","5/1/2009","10058","3625","CITIZENS COMMUNITY BANK","40657","40664","FAILURE","PA","DIF"
"34843","NM","BREMERTON, WA","81050","5/8/2009","10060","3626","WESTSOUND BANK","334608","304464","FAILURE","PA","DIF"
"32247","SB","CORAL GABLES, FL","5228684","5/21/2009","10061","3627","BANKUNITED, FSB","13111463","8775985","FAILURE","PA","DIF"
"5757","N","MACOMB, IL","30586","5/22/2009","10063","3628","CITIZENS NATIONAL BANK","438560","393635","FAILURE","PA","DIF"
"35175","NM","CHAMPAIGN, IL","92681","5/22/2009","10062","3629","STRATEGIC CAPITAL BANK","546576","479384","FAILURE","PA","DIF"
"17309","NM","LINCOLNWOOD, IL","70928","6/5/2009","10064","3630","BANK OF LINCOLNWOOD","212718","209285","FAILURE","PA","DIF"
"4614","N","ANTHONY, KS","33230","6/19/2009","10066","3631","FIRST NATIONAL BANK OF ANTHONY","156954","142551","FAILURE","PA","DIF"
"27837","NM","WILMINGTON, NC","287345","6/19/2009","10065","3632","COOPERATIVE BANK","966778","768479","FAILURE","PA","DIF"
"35251","NM","FAYETTEVILLE, GA","136636","6/19/2009","10067","3633","SOUTHERN COMMUNITY BANK","371695","297962","FAILURE","PA","DIF"
"9744","NM","PINE CITY, MN","24010","6/26/2009","10070","3634","HORIZON BANK","84763","69254","FAILURE","PA","DIF"
"35285","SM","NEWNAN, GA","80745","6/26/2009","10069","3635","NEIGHBORHOOD COMMUNITY BANK","212616","190070","FAILURE","PA","DIF"
"57332","NM","LOS ANGELES, CA","45309","6/26/2009","10072","3636","MIRAE BANK","480619","409951","FAILURE","PA","DIF"
"57436","SM","VILLA RICA, GA","71712","6/26/2009","10068","3637","COMMUNITY BANK OF WEST GEORGIA","201222","189398","FAILURE","PO","DIF"
"57893","NM","IRVINE, CA","32168","6/26/2009","10071","3638","METROPACIFIC BANK","75316","70078","FAILURE","PA","DIF"
"3644","N","DANVILLE, IL","24202","7/2/2009","10078","3639","THE FIRST NATIONAL BANK OF DANVILLE","148218","140185","FAILURE","PA","DIF"
"9262","NM","ELIZABETH, IL","9832","7/2/2009","10073","3640","THE ELIZABETH STATE BANK","55027","48131","FAILURE","PA","DIF"
"11710","NM","WINCHESTER, IL","8030","7/2/2009","10077","3641","THE FIRST STATE BANK OF WINCHESTER","30073","30806","FAILURE","PA","DIF"
"12093","NM","CLINTON, IL","14315","7/2/2009","10076","3642","THE JOHN WARNER BANK","69609","65179","FAILURE","PA","DIF"
"15302","NM","OREGON, IL","18558","7/2/2009","10075","3643","ROCK RIVER BANK","74808","74896","FAILURE","PA","DIF"
"18390","NM","WORTH, IL","129512","7/2/2009","10074","3644","FOUNDERS BANK","889172","832160","FAILURE","PA","DIF"
"57667","NM","DALLAS, TX","52700","7/2/2009","10079","3645","MILLENNIUM STATE BANK OF TEXAS","118601","115478","FAILURE","PA","DIF"
"22754","NM","THERMOPOLIS, WY","32543","7/10/2009","10080","3646","BANK OF WYOMING","70188","66598","FAILURE","PA","DIF"
"23556","N","RANCHO CUCAMONGA, CA","278591","7/17/2009","10083","3647","VINEYARD BANK, NATIONAL ASSOCIATION","1638378","1526186","FAILURE","PA","DIF"
"34103","SM","SIOUX FALLS, SD","110201","7/17/2009","10081","3648","BANKFIRST","210844","232203","FAILURE","PA","DIF"
"34341","NM","TEMECULA, CA","227400","7/17/2009","10082","3649","TEMECULA VALLEY BANK","1396622","1276287","FAILURE","PA","DIF"
"34594","NM","WINDER, GA","37998","7/17/2009","10084","3650","FIRST PIEDMONT BANK","114113","108499","FAILURE","PA","DIF"
"8486","NM","GRAY, GA","98201","7/24/2009","10088","3651","SECURITY BANK OF JONES COUNTY","432712","375238","FAILURE","PA","DIF"
"27048","NM","PERRY, GA","50980","7/24/2009","10087","3652","SECURITY BANK OF HOUSTON COUNTY","371624","313155","FAILURE","PA","DIF"
"27367","NM","MACON, GA","414269","7/24/2009","10085","3653","SECURITY BANK OF BIBB COUNTY","943744","831437","FAILURE","PA","DIF"
"57105","NM","WOODSTOCK, GA","102031","7/24/2009","10090","3654","SECURITY BANK OF NORTH METRO","184184","182413","FAILURE","PA","DIF"
"57346","NM","SUWANNEE, GA","193409","7/24/2009","10086","3655","SECURITY BANK OF GWINNETT COUNTY","259182","256578","FAILURE","PA","DIF"
"57430","NM","ALPHARETTA, GA","49000","7/24/2009","10089","3656","SECURITY BANK OF NORTH FULTON","190564","179523","FAILURE","PA","DIF"
"58065","NM","WILLIAMSVILLE, NY","7875","7/24/2009","10091","3657","WATERFORD VILLAGE BANK","55707","56145","FAILURE","PA","DIF"
"9873","NM","ALTUS, OK","25969","7/31/2009","10093","3658","FIRST STATE BANK OF ALTUS","90867","98161","FAILURE","PA","DIF"
"18659","NM","HARVEY, IL","793841","7/31/2009","10094","3659","MUTUAL BANK","1595657","1546525","FAILURE","PA","DIF"
"32288","SB","WEST CHESTER, OH","61523","7/31/2009","10096","3660","PEOPLES COMMUNITY BANK","606153","538787","FAILURE","PA","DIF"
"34270","NM","ELIZABTH, NJ","20048","7/31/2009","10097","3661","FIRST BANKAMERICANO","163372","155463","FAILURE","PA","DIF"
"57604","NM","JUPITER, FL","36473","7/31/2009","10095","3662","INTEGRITY BANK","105298","98511","FAILURE","PA","DIF"
"23268","SM","PRINEVILLE, OR","73567","8/7/2009","10092","3663","COMMUNITY FIRST BANK","199508","180691","FAILURE","PA","DIF"
"27183","N","VENICE, FL","25369","8/7/2009","10099","3664","COMMUNITY NATIONAL BANK OF SARASOTA COUNTY","92528","92352","FAILURE","PA","DIF"
"27364","NM","SARASOTA, FL","119466","8/7/2009","10098","3665","FIRST STATE BANK","447667","394701","FAILURE","PA","DIF"
"9609","NM","MONTGOMERY, AL","2378677","8/14/2009","10103","3666","COLONIAL BANK","25455112","20072099","FAILURE","PA","DIF"
"31559","SL","PITTSBURGH, PA","8352","8/14/2009","10104","3667","DWELLING HOUSE SAVINGS AND LOAN","12947","12984","FAILURE","PA","DIF"
"34043","SM","LAS VEGAS, NV","557962","8/14/2009","10100","3668","COMMUNITY BANK OF NEVADA","1397798","1372744","FAILURE","DINB","DIF"
"34485","N","GILBERT, AZ","51989","8/14/2009","10102","3669","UNION BANK, NATIONAL ASSOCIATION","119529","110362","FAILURE","PA","DIF"
"57645","NM","PHOENIX, AZ","26760","8/14/2009","10101","3670","COMMUNITY BANK OF ARIZONA","158517","143834","FAILURE","PA","DIF"
"22130","SM","BIRMINGHAM, AL","126332","8/21/2009","10106","3671","CAPITALSOUTH BANK","586586","539422","FAILURE","PA","DIF"
"32618","SB","AUSTIN, TX","0","8/21/2009","10105","3672","GUARANTY BANK","13464352","11984112","FAILURE","PA","DIF"
"34682","SB","ATLANTA, GA","49948","8/21/2009","10107","3673","EBANK","144688","131510","FAILURE","PA","DIF"
"57702","NM","NEWNAN, GA","66684","8/21/2009","10108","3674","FIRST COWETA","163755","154903","FAILURE","PA","DIF"
"1909","NM","FOREST LAKE, MN","89930","8/28/2009","10111","3675","MAINSTREET BANK","458533","432818","FAILURE","PA","DIF"
"27197","NM","VENTURA, CA","234069","8/28/2009","10110","3676","AFFINITY BANK","1211431","905593","FAILURE","PA","DIF"
"28312","SB","BALTIMORE, MD","46897","8/28/2009","10109","3677","BRADFORD BANK","451888","382159","FAILURE","PA","DIF"
"20203","NM","OAK FOREST, IL","56911","9/4/2009","10113","3678","INBANK","209848","209211","FAILURE","PA","DIF"
"25231","NM","KANSAS CITY, MO","7548","9/4/2009","10112","3679","FIRST BANK OF KANSAS CITY","15723","14479","FAILURE","PA","DIF"
"27732","SB","SIOUX CITY, IA","101576","9/4/2009","10116","3680","VANTUS BANK","503643","394369","FAILURE","PA","DIF"
"34875","NM","FLAGSTAFF, AZ","49833","9/4/2009","10114","3681","FIRST STATE BANK","107235","95734","FAILURE","PA","DIF"
"35030","SB","ROLLING MEADOWS, IL","0","9/4/2009","10115","3682","PLATINUM COMMUNITY BANK","147961","110186","FAILURE","PO","DIF"
"13693","N","CHICAGO, IL","0","9/11/2009","10117","3683","CORUS BANK, N.A.","7003321","7060693","FAILURE","PA","DIF"
"22868","NM","LACEY, WA","201128","9/11/2009","10119","3684","VENTURE BANK","968385","917729","FAILURE","PA","DIF"
"57736","NM","WOODBURY, MN","24597","9/11/2009","10118","3685","BRICKWELL COMMUNITY BANK","72576","64981","FAILURE","PA","DIF"
"10100","SM","COLUMBUS, IN","755962","9/18/2009","10120","3686","IRWIN UNION BANK AND TRUST COMPANY","2839747","2254025","FAILURE","PA","DIF"
"57068","SB","LOUISVILLE, KY","114006","9/18/2009","10121","3687","IRWIN UNION BANK, FSB","518151","462611","FAILURE","PA","DIF"
"57151","NM","ATLANTA, GA","960820","9/25/2009","10122","3688","GEORGIAN BANK","2230230","1960123","FAILURE","PA","DIF"
"11416","NM","SPRING GROVE, MN","18876","10/2/2009","10124","3689","JENNINGS STATE BANK","52347","50801","FAILURE","PA","DIF"
"34824","SM","WARREN, MI","217487","10/2/2009","10125","3690","WARREN BANK","504816","467767","FAILURE","PA","DIF"
"57263","N","PUEBLO, CO","8323","10/2/2009","10123","3691","SOUTHERN COLORADO NATIONAL BANK","37142","29568","FAILURE","PA","DIF"
"23266","SM","BAKERSFIELD, CA","79080","10/16/2009","10126","3692","SAN JOAQUIN BANK","766359","626359","FAILURE","PA","DIF"
"18321","SM","RACINE, WI","99463","10/23/2009","10132","3693","BANK OF ELMWOOD","327444","272782","FAILURE","PA","DIF"
"35038","NM","WESTMONT, IL","85319","10/23/2009","10128","3694","FIRST DUPAGE BANK","262093","253992","FAILURE","PA","DIF"
"35044","N","BRADENTON, FL","62112","10/23/2009","10129","3695","FLAGSHIP NATIONAL BANK","177563","170118","FAILURE","PA","DIF"
"57525","NM","OSTEGO, MN","23476","10/23/2009","10133","3696","RIVERVIEW COMMUNITY BANK","99057","75012","FAILURE","PA","DIF"
"57794","NM","LAWRENCEVILLE, GA","44018","10/23/2009","10127","3697","AMERICAN UNITED BANK","110094","102386","FAILURE","PA","DIF"
"57959","SB","NAPLES, FL","31809","10/23/2009","10130","3698","PARTNERS BANK","65498","64798","FAILURE","PA","DIF"
"58336","NM","NAPLES, FL","42976","10/23/2009","10131","3699","HILLCREST BANK FLORIDA","82774","83254","FAILURE","PA","DIF"
"11677","N","CHICAGO, IL","7691","10/30/2009","10140","3700","PARK NATIONAL BANK","4680881","3716626","FAILURE","PA","DIF"
"18776","NM","HOUSTON, TX","12000","10/30/2009","10138","3701","NORTH HOUSTON BANK","325474","307166","FAILURE","PA","DIF"
"23594","N","SAN DIEGO, CA","41431","10/30/2009","10135","3702","SAN DIEGO NATIONAL BANK","3594544","2891576","FAILURE","PA","DIF"
"25222","N","TEAGUE, TX","5846","10/30/2009","10141","3703","CITIZENS NATIONAL BANK","118236","97590","FAILURE","PA","DIF"
"30006","N","SAN FRANCISCO, CA","63113","10/30/2009","10139","3704","PACIFIC NATIONAL BANK","2319263","1757986","FAILURE","PA","DIF"
"32218","N","PHOENIX, AZ","11741","10/30/2009","10136","3705","BANK USA, NA","213205","170685","FAILURE","PA","DIF"
"33782","NM","MADISONVILLE, TX","0","10/30/2009","10142","3706","MADISONVILLE STATE BANK","256330","224653","FAILURE","PA","DIF"
"34659","N","LOS ANGELES, CA","186905","10/30/2009","10134","3707","CALIFORNIA NATIONAL BANK","7781100","6145207","FAILURE","PA","DIF"
"35291","NM","LEMONT, IL","25945","10/30/2009","10137","3708","COMMUNITY BANK OF LEMONT","81843","80688","FAILURE","PA","DIF"
"19450","NM","ST LOUIS, MO","11648","11/6/2009","10146","3709","GATEWAY BANK OF ST LOUIS","26882","27534","FAILURE","PA","DIF"
"22286","NM","SPARTA, GA","60895","11/6/2009","10145","3710","UNITED SECURITY BANK","153639","149616","FAILURE","PA","DIF"
"30329","SB","DETROIT, MI","8612","11/6/2009","10144","3711","HOME FEDERAL SAVINGS BANK","12994","12730","FAILURE","PA","DIF"
"32469","NM","SAN FRANCISCO, CA","577523","11/6/2009","10147","3712","UNITED COMMERCIAL BANK","10895336","7653666","FAILURE","PA","DIF"
"35074","NM","OAKDALE, MN","31685","11/6/2009","10143","3713","PROSPERAN BANK","197442","182794","FAILURE","PA","DIF"
"22427","SM","NAPLES, FL","713129","11/13/2009","10149","3714","ORION BANK","2612515","2169446","FAILURE","PA","DIF"
"32267","SB","SARASOTA, FL","306877","11/13/2009","10148","3715","CENTURY BANK, A FEDERAL SAVINGS BANK","755923","659742","FAILURE","PA","DIF"
"57914","N","SAN CLEMENTE, CA","33470","11/13/2009","10150","3716","PACIFIC COAST NATIONAL BANK","131418","128867","FAILURE","PA","DIF"
"58016","NM","FORT MYERS, FL","32236","11/20/2009","10151","3717","COMMERCE BANK OF SOUTHWEST FLORIDA","70997","72821","FAILURE","PA","DIF"
"10440","NM","AURORA, IL","79321","12/4/2009","10154","3718","BENCHMARK BANK","173062","182760","FAILURE","PA","DIF"
"12080","NM","REIDSVILLE, GA","14705","12/4/2009","10153","3719","THE TATNALL BANK","49612","47100","FAILURE","PA","DIF"
"26290","N","NORCROSS, GA","34282","12/4/2009","10157","3720","FIRST SECURITY NATIONAL BANK","127455","121645","FAILURE","PA","DIF"
"29776","SB","CLEVELAND, OH","1698562","12/4/2009","10155","3721","AMTRUST BANK","11438990","8558609","FAILURE","PA","DIF"
"32583","SB","RESTON, VA","26610","12/4/2009","10156","3722","GREATER ATLANTIC BANK","203262","179248","FAILURE","PA","DIF"
"34663","NM","ATLANTA, GA","310552","12/4/2009","10152","3723","THE BUCKHEAD COMMUNITY BANK","856236","813668","FAILURE","PA","DIF"
"4731","SM","OVERLAND PARK, KS","93393","12/11/2009","10160","3724","SOLUTIONSBANK","511103","421271","FAILURE","PA","DIF"
"22846","N","MIAMI, FL","77977","12/11/2009","10158","3725","REPUBLIC FEDERAL BANK, N.A.","433011","352695","FAILURE","PA","DIF"
"58399","N","MESA, AZ","15047","12/11/2009","10159","3726","VALLEY CAPITAL BANK, N.A.","40270","41312","FAILURE","PA","DIF"
"1006","NM","NEW BALTIMORE, MI","68171","12/18/2009","10162","3727","CITIZENS STATE BANK","168551","157149","FAILURE","DINB","DIF"
"26348","NM","LA JOLLA, CA","271393","12/18/2009","10161","3728","IMPERIAL CAPITAL BANK","4046888","2822300","FAILURE","PA","DIF"
"26820","SM","SPRINGFIELD, IL","0","12/18/2009","10166","3729","INDEPENDENT BANKERS' BANK","585508","511473","FAILURE","PI","DIF"
"28536","SB","SANTA MONICA, CA","0","12/18/2009","10167","3730","FIRST FEDERAL BANK OF CALIFORNIA,  A FEDERAL SAVINGS BANK","6143903","4538607","FAILURE","PA","DIF"
"32167","SB","PANAMA CITY, FL","597058","12/18/2009","10165","3731","PEOPLES FIRST COMMUNITY BANK","1795420","1684443","FAILURE","PA","DIF"
"32276","SB","IRONDALE, AL","311641","12/18/2009","10163","3732","NEW SOUTH FEDERAL SAVINGS BANK","1464127","1163916","FAILURE","PA","DIF"
"58315","NM","ATLANTA, GA","98837","12/18/2009","10164","3733","ROCKBRIDGE COMMERCIAL BANK","294024","291707","FAILURE","PO","DIF"
"22977","NM","BELLINGHAM, WA","205488","1/8/2010","10168","3734","HORIZON BANK","1188956","1049063","FAILURE","PA","DIF"
"1252","SM","KAYSVILLE, UT","106769","1/15/2010","10171","3735","BARNES BANKING COMPANY","709171","697109","FAILURE","DINB","DIF"
"17522","NM","ST. STEPHEN, MN","7707","1/15/2010","10169","3736","ST. STEPHEN STATE BANK","22895","23912","FAILURE","PA","DIF"
"34705","NM","ANTIOCH, IL","23289","1/15/2010","10170","3737","TOWN COMMUNITY BANK AND TRUST","70758","68323","FAILURE","PA","DIF"
"8265","NM","LEETON, MO","7092","1/22/2010","10174","3738","BANK OF LEETON","20128","20335","FAILURE","PA","DIF"
"20501","NM","SEATTLE, WA","43422","1/22/2010","10172","3739","EVERGREEN BANK","395980","340378","FAILURE","PA","DIF"
"22469","NM","THE DALLES, OR","54899","1/22/2010","10176","3740","COLUMBIA RIVER BANK","955112","908132","FAILURE","PA","DIF"
"32498","SB","SANTA FE, NM","127197","1/22/2010","10175","3741","CHARTER BANK","1201922","859933","FAILURE","PA","DIF"
"57147","NM","MIAMI, FL","84454","1/22/2010","10173","3742","PREMIER AMERICAN BANK","299225","285554","FAILURE","PA","DIF"
"5672","NM","IMMOKALEE, FL","308984","1/29/2010","10181","3743","FLORIDA COMMUNITY BANK","835701","776556","FAILURE","PA","DIF"
"5702","NM","CORNELIA, GA","477153","1/29/2010","10180","3744","COMMUNITY BANK & TRUST","1181717","1067957","FAILURE","PA","DIF"
"16133","N","HALLOCK, MN","1063","1/29/2010","10182","3745","MARSHALL BANK, NATIONAL ASSOCIATION","58566","55662","FAILURE","PA","DIF"
"16480","N","CARROLLTON, GA","203881","1/29/2010","10179","3746","FIRST NATIONAL BANK OF GEORGIA","840633","780196","FAILURE","PA","DIF"
"16730","NM","BAINBRIDGE ISLAND, WA","28352","1/29/2010","10178","3747","AMERICAN MARINE BANK","329246","287443","FAILURE","PA","DIF"
"23011","NM","LOS ANGELES, CA","224134","1/29/2010","10177","3748","FIRST REGIONAL BANK","2082684","1664450","FAILURE","PA","DIF"
"15448","NM","HANCOCK, MN","4521","2/5/2010","10183","3749","1ST AMERICAN STATE BANK OF MINNESOTA","18155","16327","FAILURE","PA","DIF"
"3287","N","LA COSTE, TX","5709","2/19/2010","10186","3750","THE LA COSTE NATIONAL BANK","53936","49275","FAILURE","PA","DIF"
"29952","SI","ORLAND PARK, IL","118852","2/19/2010","10184","3751","GEORGE WASHINGTON SAVINGS BANK","413673","395310","FAILURE","PA","DIF"
"32423","SB","LA JOLLA, CA","560147","2/19/2010","10185","3752","LA JOLLA BANK, FSB","3646071","2799362","FAILURE","PA","DIF"
"57586","SM","MARCO ISLAND, FL","25614","2/19/2010","10187","3753","MARCO COMMUNITY BANK","119578","117097","FAILURE","PA","DIF"
"38129","SI","TACOMA, WA","2752","2/26/2010","10189","3754","RAINIER PACIFIC BANK","717806","446192","FAILURE","PA","DIF"
"58352","NM","CARSON CITY, NV","14451","2/26/2010","10188","3755","CARSON RIVER COMMUNITY BANK","51095","50024","FAILURE","PA","DIF"
"9268","SM","NORMAL, IL","18737","3/5/2010","10191","3756","BANK OF ILLINOIS","211711","198487","FAILURE","PA","DIF"
"27126","SM","BOCA RATON, FL","122301","3/5/2010","10192","3757","SUN AMERICAN BANK","535724","443481","FAILURE","PA","DIF"
"34430","NM","OGDEN, UT","70515","3/5/2010","10193","3758","CENTENNIAL BANK","212839","205076","FAILURE","PO","DIF"
"34976","SB","GERMANTOWN, MD","11322","3/5/2010","10190","3759","WATERFIELD BANK","155566","156188","FAILURE","DINB","DIF"
"58071","NM","NEW YORK, NY","18407","3/11/2010","10194","3760","LIBERTYPOINTE BANK","216500","209477","FAILURE","PA","DIF"
"27096","NM","NEW YORK, NY","76368","3/12/2010","10195","3761","THE PARK AVENUE BANK","520146","494505","FAILURE","PA","DIF"
"29561","NM","COVINGTON, LA","26124","3/12/2010","10196","3762","STATEWIDE BANK","243215","207821","FAILURE","PA","DIF"
"58182","SM","ORLANDO, FL","76501","3/12/2010","10197","3763","OLD SOUTHERN BANK","336390","319746","FAILURE","PA","DIF"
"8221","NM","AURORA, MN","7026","3/19/2010","10203","3764","STATE BANK OF AURORA","28159","27801","FAILURE","PA","DIF"
"10054","NM","HIAWASSEE, GA","107263","3/19/2010","10202","3765","BANK OF HIAWASSEE","377779","339597","FAILURE","PA","DIF"
"18806","N","PARMA, OH","14960","3/19/2010","10201","3766","AMERICAN NATIONAL BANK","70318","66752","FAILURE","PA","DIF"
"24957","NM","FORT DEPOSIT, AL","11725","3/19/2010","10204","3767","FIRST LOWNDES BANK","137175","131117","FAILURE","PA","DIF"
"33535","NM","DRAPER, UT","521525","3/19/2010","10200","3768","ADVANTA BANK CORP.","1525931","1519471","FAILURE","PO","DIF"
"33989","NM","ELLIJAY, GA","456455","3/19/2010","10199","3769","APPALACHIAN COMMUNITY BANK","1010075","917575","FAILURE","PA","DIF"
"58104","NM","DULUTH, GA","37707","3/19/2010","10198","3770","CENTURY SECURITY BANK","96535","93967","FAILURE","PA","DIF"
"34678","N","CARTERSVILLE, GA","73589","3/26/2010","10208","3771","UNITY NATIONAL BANK","300590","264286","FAILURE","PA","DIF"
"34684","SB","KEY WEST, FL","16210","3/26/2010","10206","3772","KEY WEST BANK","88031","67662","FAILURE","PA","DIF"
"57060","NM","PHOENIX, AZ","108862","3/26/2010","10205","3773","DESERT HILLS BANK","496552","426473","FAILURE","PA","DIF"
"57399","NM","CARROLLTON, GA","164026","3/26/2010","10207","3774","MCINTOSH COMMERCIAL BANK","363405","343339","FAILURE","PA","DIF"
"34242","N","MYRTLE BEACH, SC","164585","4/9/2010","10209","3775","BEACH FIRST NATIONAL BANK","590024","521138","FAILURE","PA","DIF"
"21521","NM","LYNNWOOD, WA","154993","4/16/2010","10212","3776","CITY BANK","981913","919606","FAILURE","PA","DIF"
"23876","NM","OAKLAND, CA","22715","4/16/2010","10214","3777","INNOVATIVE BANK","266816","223164","FAILURE","PA","DIF"
"24067","N","FORT PIERCE, FL","0","4/16/2010","10216","3778","RIVERSIDE NATIONAL BANK OF FLORIDA","3393818","2724475","FAILURE","PA","DIF"
"26619","SI","LOWELL, MA","18261","4/16/2010","10211","3779","BUTLER BANK","245534","227420","FAILURE","PA","DIF"
"28886","SB","PALATKA, FL","11969","4/16/2010","10213","3780","FIRST FEDERAL BANK OF NORTH FLORIDA","440122","369617","FAILURE","PA","DIF"
"33493","NM","SAN RAFAEL, CA","0","4/16/2010","10217","3781","TAMALPAIS BANK","611504","457206","FAILURE","PA","DIF"
"34878","NM","STERLING HEIGHTS, MI","20977","4/16/2010","10215","3782","LAKESIDE COMMUNITY BANK","49173","48622","FAILURE","PO","DIF"
"57724","NM","CLERMONT, FL","16404","4/16/2010","10210","3783","AMERICANFIRST BANK","104034","100070","FAILURE","PA","DIF"
"3735","N","ROCKFORD, IL","15921","4/23/2010","10218","3784","AMCORE BANK, NATIONAL ASSOCIATION","3066240","2743485","FAILURE","PA","DIF"
"10888","NM","PEOTONE, IL","45596","4/23/2010","10223","3785","PEOTONE BANK AND TRUST COMPANY","130165","124676","FAILURE","PA","DIF"
"22853","NM","CHICAGO, IL","377438","4/23/2010","10219","3786","BROADWAY BANK","1059194","1023421","FAILURE","PA","DIF"
"30600","SI","CHICAGO, IL","37917","4/23/2010","10221","3787","LINCOLN PARK SAVINGS BANK","194618","162627","FAILURE","PA","DIF"
"34658","NM","CHICAGO, IL","41327","4/23/2010","10220","3788","CITIZENS BANK & TRUST COMPANY OF CHICAGO","73490","72772","FAILURE","PA","DIF"
"34821","NM","CHICAGO, IL","132056","4/23/2010","10222","3789","NEW CENTURY BANK","447239","438999","FAILURE","PA","DIF"
"58429","NM","NAPERVILLE, IL","189658","4/23/2010","10224","3790","WHEATLAND BANK","441694","448917","FAILURE","PA","DIF"
"17792","N","BUTLER, MO","8620","4/30/2010","10225","3791","BC NATIONAL BANKS","52204","43635","FAILURE","PA","DIF"
"22710","NM","EVERETT, WA","453920","4/30/2010","10228","3792","FRONTIER BANK","3250734","2846886","FAILURE","PA","DIF"
"27150","NM","SAN JUAN, PR","539124","4/30/2010","10229","3793","EUROBANK","2453138","1861350","FAILURE","PA","DIF"
"30005","SI","PORT HURON, MI","340615","4/30/2010","10226","3794","CF BANCORP","1599122","1418445","FAILURE","PA","DIF"
"31027","NM","MAYAGUEZ, PR","2178540","4/30/2010","10231","3795","WESTERNBANK PUERTO RICO","10797345","8420357","FAILURE","PA","DIF"
"32185","NM","HATO REY, PR","983833","4/30/2010","10230","3796","R-G PREMIER BANK OF PUERTO RICO","5681177","4220108","FAILURE","PA","DIF"
"58362","NM","CREVE COEUR, MO","57091","4/30/2010","10227","3797","CHAMPION BANK","195510","162816","FAILURE","PA","DIF"
"14246","NM","BONIFAY, FL","65887","5/7/2010","10234","3798","THE BANK OF BONIFAY","242871","230190","FAILURE","PA","DIF"
"16476","NM","CHAMPLIN, MN","7916","5/7/2010","10233","3799","ACCESS BANK","31996","31969","FAILURE","PA","DIF"
"35517","SM","SAN DIEGO, CA","6342","5/7/2010","10232","3800","1st PACIFIC BANK OF CALIFORNIA","335798","291173","FAILURE","PA","DIF"
"57697","NM","MESA, AZ","44322","5/7/2010","10235","3801","TOWNE BANK OF ARIZONA","120246","113243","FAILURE","PA","DIF"
"18117","SM","ELMWOOD PARK, IL","0","5/14/2010","10236","3802","MIDWEST BANK AND TRUST COMPANY","3172915","2420738","FAILURE","PA","DIF"
"34255","NM","SPRINGFIELD, MO","25580","5/14/2010","10239","3803","SOUTHWEST COMMUNITY BANK","100659","102463","FAILURE","PA","DIF"
"35114","NM","SAINT MARYS, GA","36321","5/14/2010","10238","3804","SATILLA COMMUNITY BANK","135688","134005","FAILURE","PA","DIF"
"35586","NM","PLYMOUTH, MI","23558","5/14/2010","10237","3805","NEW LIBERTY BANK","111239","101884","FAILURE","PA","DIF"
"57735","NM","ST. PAUL, MN","8410","5/21/2010","10240","3806","PINEHURST BANK","61215","58288","FAILURE","PA","DIF"
"34785","NM","LAS VEGAS, NV","115960","5/28/2010","10245","3807","SUN WEST BANK","360662","353943","FAILURE","PA","DIF"
"35106","NM","NAPLES, FL","87638","5/28/2010","10242","3808","BANK OF FLORIDA - SOUTHWEST","640894","559897","FAILURE","PA","DIF"
"57315","N","GRANITE BAY, CA","13175","5/28/2010","10244","3809","GRANITE COMMUNITY BANK, NATIONAL ASSOCIATION","102913","94252","FAILURE","PA","DIF"
"57360","NM","FORT LAUDERDALE, FL","60470","5/28/2010","10241","3810","BANK OF FLORIDA - SOUTHEAST","595318","531752","FAILURE","PA","DIF"
"57814","NM","TAMPA BAY, FL","30582","5/28/2010","10243","3811","BANK OF FLORIDA - TAMPA BAY","240513","224024","FAILURE","PA","DIF"
"15814","N","ROSEDALE, MS","18085","6/4/2010","10247","3812","FIRST NATIONAL BANK","60449","63483","FAILURE","PA","DIF"
"29341","SB","LINCOLN, NE","0","6/4/2010","10248","3813","TIERONE BANK","2824737","2185817","FAILURE","PA","DIF"
"31813","SI","ARCOLA, IL","11534","6/4/2010","10246","3814","ARCOLA HOMESTEAD SAVINGS BANK","17028","18092","FAILURE","PO","DIF"
"32955","NM","SEATTLE, WA","95151","6/11/2010","10249","3815","WASHINGTON FIRST INTERNATIONAL BANK","520887","441362","FAILURE","PA","DIF"
"57110","NM","RENO, NV","70039","6/18/2010","10250","3816","NEVADA SECURITY BANK","492491","479759","FAILURE","PA","DIF"
"26563","NM","ENGLEWOOD, FL","184045","6/25/2010","10253","3817","PENINSULA BANK","630179","580140","FAILURE","PA","DIF"
"34152","N","SAVANNAH, GA","78167","6/25/2010","10251","3818","FIRST NATIONAL BANK","252520","231857","FAILURE","PA","DIF"
"35279","NM","ALBUQUERQUE, NM","28392","6/25/2010","10252","3819","HIGH DESERT STATE BANK","80343","80985","FAILURE","PA","DIF"
"11636","N","BLACKWELL, OK","65822","7/9/2010","10256","3820","HOME NATIONAL BANK","585445","514038","FAILURE","PA","DIF"
"32456","SB","BALTIMORE, MD","3694","7/9/2010","10257","3821","IDEAL FEDERAL SAVINGS BANK","6177","5803","FAILURE","PO","DIF"
"35462","N","BALTIMORE, MD","21144","7/9/2010","10255","3822","BAY NATIONAL BANK","217743","212612","FAILURE","PA","DIF"
"58072","NM","PORT CHESTER, NY","63537","7/9/2010","10254","3823","USA BANK","190678","188644","FAILURE","PA","DIF"
"25172","SM","MIAMI, FL","64179","7/16/2010","10259","3824","METRO BANK OF DADE COUNTY","399441","375522","FAILURE","PA","DIF"
"28136","SB","HASTINGS, MI","12789","7/16/2010","10258","3825","MAINSTREET SAVINGS BANK, FSB","96584","63291","FAILURE","PA","DIF"
"28864","SB","CLEWISTON, FL","25533","7/16/2010","10260","3826","OLDE CYPRESS COMMUNITY BANK","161355","157997","FAILURE","PA","DIF"
"32280","SB","AVENTURA, FL","28658","7/16/2010","10261","3827","TURNBERRY BANK","240251","179169","FAILURE","PA","DIF"
"32571","SB","BLUFFTON, SC","107349","7/16/2010","10262","3828","WOODLANDS BANK","382803","364808","FAILURE","PA","DIF"
"35383","N","SPARTANBURG, SC","68274","7/16/2010","10263","3829","FIRST NATIONAL BANK OF THE SOUTH","619374","550891","FAILURE","PA","DIF"
"10506","SM","SYLVAN GROVE, KS","6651","7/23/2010","10269","3830","THUNDER BANK","28248","27048","FAILURE","PA","DIF"
"17837","N","KINGSTREE, SC","2425","7/23/2010","10270","3831","WILLIAMSBURG FIRST NATIONAL BANK","130411","126993","FAILURE","PA","DIF"
"23181","SM","CAVE JUNCTION, OR","28068","7/23/2010","10266","3832","HOME VALLEY BANK","250488","227935","FAILURE","PA","DIF"
"27559","NM","JASPER, GA","303698","7/23/2010","10265","3833","CRESCENT BANK AND TRUST COMPANY","970235","932809","FAILURE","PA","DIF"
"32536","SM","LANTANA, FL","41792","7/23/2010","10268","3834","STERLING BANK","354966","329541","FAILURE","PA","DIF"
"34486","NM","NEW PRAGUE, MN","18495","7/23/2010","10264","3835","COMMUNITY SECURITY BANK","100649","95100","FAILURE","PA","DIF"
"35434","NM","LAS VEGAS, NV","86297","7/23/2010","10267","3836","SOUTHWESTUSA BANK","203690","183985","FAILURE","PA","DIF"
"9619","NM","PANAMA CITY BEACH, FL","116866","7/30/2010","10272","3837","COASTAL COMMUNITY BANK","377469","370016","FAILURE","PA","DIF"
"22643","NM","LONGVIEW, WA","31443","7/30/2010","10275","3838","THE COWLITZ BANK","489019","474742","FAILURE","PA","DIF"
"31964","NM","EUGENE, OR","50954","7/30/2010","10273","3839","LIBERTYBANK","714574","692670","FAILURE","PA","DIF"
"57658","NM","ACWORTH, GA","33627","7/30/2010","10274","3840","NORTHWEST BANK & TRUST","160763","155531","FAILURE","PA","DIF"
"57669","SB","PORT SAINT JOE, FL","12479","7/30/2010","10271","3841","BAYSIDE SAVINGS BANK","64344","52720","FAILURE","PA","DIF"
"34231","NM","CHICAGO, IL","67728","8/6/2010","10276","3842","RAVENSWOOD BANK","264628","269448","FAILURE","PA","DIF"
"17599","NM","PALOS HEIGHTS, IL","66962","8/13/2010","10277","3843","PALOS BANK AND TRUST COMPANY","493391","467784","FAILURE","PA","DIF"
"15640","NM","CHICAGO, IL","525962","8/20/2010","10284","3844","SHOREBANK","2166431","1547403","FAILURE","PA","DIF"
"25266","N","BARTOW, FL","9170","8/20/2010","10279","3845","COMMUNITY NATIONAL BANK AT BARTOW","67918","63708","FAILURE","PA","DIF"
"27090","SM","STOCKTON, CA","34038","8/20/2010","10283","3846","PACIFIC STATE BANK","312077","278832","FAILURE","PA","DIF"
"27259","NM","SONOMA, CA","10285","8/20/2010","10285","3847","SONOMA VALLEY BANK","337113","255501","FAILURE","PA","DIF"
"27344","N","OCALA, FL","11982","8/20/2010","10281","3848","INDEPENDENT NATIONAL BANK","156218","141877","FAILURE","PA","DIF"
"31623","SL","MARTINSVILLE, VA","4746","8/20/2010","10280","3849","IMPERIAL SAVINGS AND LOAN ASSOCIATION","9448","10090","FAILURE","PA","DIF"
"32165","SB","SOLVANG, CA","3434","8/20/2010","10282","3850","LOS PADRES BANK","866459","770899","FAILURE","PA","DIF"
"33219","NM","CHICO, CA","1663","8/20/2010","10278","3851","BUTTE COMMUNITY BANK","498751","471256","FAILURE","PA","DIF"
"35061","SM","BRADENTON, FL","61295","9/10/2010","10286","3852","HORIZON BANK","187819","164594","FAILURE","PA","DIF"
"182","NM","WINDER, GA","101852","9/17/2010","10292","3853","THE PEOPLES BANK","447185","398181","FAILURE","PA","DIF"
"27808","SI","MILFORD, OH","17928","9/17/2010","10288","3854","BRAMBLE SAVINGS BANK","47523","41551","FAILURE","PA","DIF"
"28612","SL","WEST ALLIS, WI","88384","9/17/2010","10291","3855","MARITIME SAVINGS BANK","350488","248134","FAILURE","PA","DIF"
"57107","NM","CHERRY HILL, NJ","18856","9/17/2010","10290","3856","ISN BANK","81564","79652","FAILURE","PA","DIF"
"57448","NM","DOUGLASVILLE, GA","101039","9/17/2010","10289","3857","FIRST COMMERCE COMMUNITY BANK","248151","242831","FAILURE","PA","DIF"
"58197","NM","ELLIJAY, GA","79709","9/17/2010","10287","3858","THE BANK OF ELLIJAY","168820","160718","FAILURE","PA","DIF"
"35053","NM","ARLINGTON, WA","70800","9/24/2010","10294","3859","NORTH COUNTY BANK","288776","276081","FAILURE","PA","DIF"
"58308","NM","PONTE VEDRA BEACH, FL","34827","9/24/2010","10293","3860","HAVEN TRUST BANK FLORIDA","148575","133561","FAILURE","PA","DIF"
"21777","NM","CRAWFORDVILLE, FL","119933","10/1/2010","10296","3861","WAKULLA BANK","402205","367228","FAILURE","PA","DIF"
"35250","NM","SHORELINE, WA","23478","10/1/2010","10295","3862","SHORELINE BANK","92980","90644","FAILURE","PA","DIF"
"30898","SB","OLATHE, KS","53100","10/15/2010","10298","3863","SECURITY SAVINGS BANK, F.S.B.","453349","347080","FAILURE","PA","DIF"
"34016","NM","JEFFERSON CITY, MO","308543","10/15/2010","10297","3864","PREMIER BANK","989382","869367","FAILURE","PA","DIF"
"58205","NM","CHESTERFIELD, MO","22436","10/15/2010","10299","3865","WESTBRIDGE BANK AND TRUST COMPANY","87782","70131","FAILURE","PA","DIF"
"2119","N","BARNESVILLE, GA","46897","10/22/2010","10304","3866","THE FIRST NATIONAL BANK OF BARNESVILLE","126622","122880","FAILURE","PA","DIF"
"16089","N","MAYWOOD, IL","44303","10/22/2010","10301","3867","FIRST SUBURBAN NATIONAL BANK","143451","135475","FAILURE","PA","DIF"
"22173","NM","OVERLAND PARK, KS","275262","10/22/2010","10302","3868","HILLCREST BANK","1583611","1488785","FAILURE","PA","DIF"
"27573","NM","JACKSONVILLE, FL","14277","10/22/2010","10300","3869","FIRST BANK OF JACKSONVILLE","73922","72198","FAILURE","PA","DIF"
"32251","SM","TAMPA, FL","34562","10/22/2010","10303","3870","PROGRESS BANK OF FLORIDA","94823","86861","FAILURE","PA","DIF"
"32582","SB","SCOTTSDALE, AZ","26776","10/22/2010","10306","3871","FIRST ARIZONA SAVINGS, A FSB","255920","190615","FAILURE","PO","DIF"
"33904","NM","GORDON, GA","10354","10/22/2010","10305","3872","THE GORDON BANK","29259","26867","FAILURE","PA","DIF"
"31263","NM","RANDALLSTOWN, MD","136316","11/5/2010","10308","3873","K BANK","538258","500056","FAILURE","PA","DIF"
"34411","SM","TACOMA, WA","26754","11/5/2010","10309","3874","PIERCE COMMERCIAL BANK","221082","193473","FAILURE","PA","DIF"
"57885","NM","WESTMINSTER, CA","14264","11/5/2010","10307","3875","FIRST VIETNAMESE AMERICAN BANK","48000","47012","FAILURE","PA","DIF"
"58087","NM","WOODLAND HILLS, CA","16943","11/5/2010","10310","3876","WESTERN COMMERCIAL BANK","98635","101127","FAILURE","PA","DIF"
"14580","NM","VIDALIA, GA","125908","11/12/2010","10312","3877","DARBY BANK & TRUST COMPANY","654714","587626","FAILURE","PA","DIF"
"35463","NM","SCOTTSDALE, AZ","52561","11/12/2010","10311","3878","COPPER STAR BANK","203955","190182","FAILURE","PA","DIF"
"57831","NM","TIFTON, GA","21383","11/12/2010","10313","3879","TIFTON BANKING COMPANY","143729","141573","FAILURE","PA","DIF"
"5287","SM","BURLINGTON, WI","86071","11/19/2010","10315","3880","FIRST BANKING CENTER","750724","664752","FAILURE","PA","DIF"
"20340","NM","CARRABELLE, FL","44443","11/19/2010","10316","3881","GULF STATE COMMUNITY BANK","112144","112193","FAILURE","PA","DIF"
"35078","NM","BALA CYNWYD, PA","12652","11/19/2010","10314","3882","ALLEGIANCE BANK OF NORTH AMERICA","106595","91996","FAILURE","PA","DIF"
"34673","SM","FARMINGTON HILLS, MI","68586","12/10/2010","10318","3883","PARAMOUNT BANK","252744","213550","FAILURE","PA","DIF"
"35561","NM","SOUTHAMPTON, PA","22495","12/10/2010","10317","3884","EARTHSTAR BANK","112643","104505","FAILURE","PA","DIF"
"19040","N","CORAL GABLES, FL","28965","12/17/2010","10324","3885","THE BANK OF MIAMI","448150","374218","FAILURE","PA","DIF"
"23306","N","LINO LAKES, MN","5827","12/17/2010","10321","3886","COMMUNITY NATIONAL BANK","31569","28844","FAILURE","PA","DIF"
"34578","NM","DAWSONVILLE, GA","83075","12/17/2010","10320","3887","CHESTATEE STATE BANK","244376","240476","FAILURE","PA","DIF"
"35065","N","ATLANTA, GA","96415","12/17/2010","10323","3888","UNITED AMERICAS BANK","242339","193803","FAILURE","PA","DIF"
"58052","NM","BATESVILLE, AR","24771","12/17/2010","10322","3889","FIRST SOUTHERN BANK","191764","155803","FAILURE","PA","DIF"
"58495","SB","MCCAYSVILLE, GA","28452","12/17/2010","10319","3890","APPALACIAN COMMUNITY BANK, F.S.B.","68201","76360","FAILURE","PA","DIF"
"34965","SM","ORLANDO, FL","88904","1/7/2011","10325","3891","FIRST COMMERCIAL BANK OF FLORIDA","578638","537223","FAILURE","PA","DIF"
"57820","NM","SCOTTSDALE, AZ","32224","1/7/2011","10326","3892","LEGACY BANK","136446","119685","FAILURE","PA","DIF"
"57440","NM","BRUNSWICK, GA","84066","1/14/2011","10327","3893","OGLETHORPE BANK","211149","201369","FAILURE","PA","DIF"
"19758","NM","MCDONOUGH, GA","43538","1/21/2011","10329","3894","ENTERPRISE BANKING COMPANY","99461","94591","FAILURE","DINB","DIF"
"31293","SL","DENVER, CO","138015","1/21/2011","10331","3895","UNITED WESTERN BANK","2153690","1535194","FAILURE","PA","DIF"
"34516","NM","ASHEVILLE, NC","43945","1/21/2011","10330","3896","THE BANK OF ASHEVILLE","204925","199394","FAILURE","PA","DIF"
"57868","NM","EASLEY, SC","45189","1/21/2011","10328","3897","COMMUNITYSOUTH BANK AND TRUST","340986","314250","FAILURE","PA","DIF"
"2303","NM","CAMARGO, OK","33590","1/28/2011","10335","3898","THE FIRST STATE BANK","44546","41204","FAILURE","PA","DIF"
"5328","NM","STOUGHTON, WI","28060","1/28/2011","10332","3899","EVERGREEN STATE BANK","240949","193694","FAILURE","PA","DIF"
"12261","SM","TAOS, NM","230712","1/28/2011","10333","3900","FIRST COMMUNITY BANK","2188154","1847851","FAILURE","PA","DIF"
"57646","NM","LOUISVILLE, CO","232851","1/28/2011","10334","3901","FIRSTIER BANK","764090","718797","FAILURE","DINB","DIF"
"35242","NM","WATKINSVILLE, GA","48161","2/4/2011","10338","3902","NORTH GEORGIA BANK","153172","139672","FAILURE","PA","DIF"
"57432","NM","ROSWELL, GA","69323","2/4/2011","10336","3903","AMERICAN TRUST BANK","238205","222161","FAILURE","PA","DIF"
"57948","SM","CHICAGO, IL","10213","2/4/2011","10337","3904","COMMUNITY FIRST BANK - CHICAGO","51083","49504","FAILURE","PA","DIF"
"13272","NM","CASSVILLE, WI","19454","2/11/2011","10339","3905","BADGER STATE BANK","83828","78549","FAILURE","PA","DIF"
"14939","NM","HAMTRAMCK, MI","103057","2/11/2011","10341","3906","PEOPLES STATE BANK","390524","389868","FAILURE","PA","DIF"
"34692","N","PALM SPRINGS, CA","15617","2/11/2011","10340","3907","CANYON NATIONAL BANK","210859","205285","FAILURE","PA","DIF"
"35478","NM","PORT ORANGE, FL","32294","2/11/2011","10342","3908","SUNSHINE STATE COMMUNITY BANK","125531","116715","FAILURE","PA","DIF"
"151","NM","CLARKESVILLE, GA","119370","2/18/2011","10345","3909","HABERSHAM BANK","387681","339934","FAILURE","PA","DIF"
"34601","NM","SPRINGFIELD, GA","48229","2/18/2011","10344","3910","CITIZENS BANK OF EFFINGHAM","214275","206490","FAILURE","PA","DIF"
"34783","SB","SAN LUIS OBISPO, CA","72906","2/18/2011","10346","3911","SAN LUIS TRUST BANK, FSB","332596","272216","FAILURE","PA","DIF"
"57855","NM","NAPA, CA","20076","2/18/2011","10343","3912","CHARTER OAK BANK","120833","105309","FAILURE","PA","DIF"
"34187","NM","ST. CHARLES, IL","28270","2/25/2011","10347","3913","VALLEY COMMUNITY BANK","123774","124179","FAILURE","PA","DIF"
"4077","N","DAVIS, OK","29846","3/11/2011","10349","3914","THE FIRST NATIONAL BANK OF DAVIS","90183","68331","FAILURE","PA","DIF"
"34818","SM","MILWAUKEE, WI","73718","3/11/2011","10348","3915","LEGACY BANK","190418","183309","FAILURE","PA","DIF"
"34292","NM","WOOD DALE, IL","44142","3/25/2011","10350","3916","THE BANK OF COMMERCE","163074","161379","FAILURE","PA","DIF"
"10086","N","WESTERN SPRINGS, IL","38047","4/8/2011","10352","3917","WESTERN SPRINGS NATIONAL BANK AND TRUST","186677","182441","FAILURE","PA","DIF"
"35418","NM","LAS VEGAS, NV","38492","4/8/2011","10351","3918","NEVADA COMMERCE BANK","135064","128573","FAILURE","PA","DIF"
"14273","NM","CARTHAGE, MS","37841","4/15/2011","10354","3919","HERITAGE BANKING GROUP","228328","205035","FAILURE","PA","DIF"
"17750","SB","BIRMINGHAM, AL","286055","4/15/2011","10358","3920","SUPERIOR BANK","2977290","2736201","FAILURE","PA","DIF"
"19794","NM","BIRMINGHAM, AL","182002","4/15/2011","10356","3921","NEXITY BANK","757574","611681","FAILURE","PA","DIF"
"21495","NM","CARTERSVILLE, GA","83037","4/15/2011","10353","3922","BARTOW COUNTY BANK","314019","290005","FAILURE","PA","DIF"
"24099","N","ROSEMOUNT, MN","5398","4/15/2011","10357","3923","ROSEMOUNT NATIONAL BANK","21454","20980","FAILURE","PA","DIF"
"57705","NM","EAST ELLIJAY, GA","34708","4/15/2011","10355","3924","NEW HORIZONS BANK","103055","99022","FAILURE","PA","DIF"
"19797","SM","VALDOSTA, GA","212045","4/29/2011","10363","3925","THE PARK AVENUE BANK","849409","724483","FAILURE","PA","DIF"
"26297","N","WINTER PARK, FL","42899","4/29/2011","10362","3926","FIRST NATIONAL BANK OF CENTRAL FLORIDA","342079","308784","FAILURE","PA","DIF"
"34234","NM","MOUNT CLEMENS, MI","98636","4/29/2011","10359","3927","COMMUNITY CENTRAL BANK","451683","371494","FAILURE","PA","DIF"
"57625","NM","BROOKSVILLE, FL","17194","4/29/2011","10360","3928","CORTEZ COMMUNITY  BANK","66282","65439","FAILURE","PA","DIF"
"58539","NM","DALLAS, GA","105180","4/29/2011","10361","3929","FIRST CHOICE COMMUNITY BANK","291196","294769","FAILURE","PA","DIF"
"34898","SB","COCOA BEACH, FL","18527","5/6/2011","10364","3930","COASTAL BANK","129429","123950","FAILURE","PA","DIF"
"513","NM","BURLINGTON, WA","24195","5/20/2011","10367","3931","SUMMIT BANK","142729","131631","FAILURE","PA","DIF"
"57213","NM","MACON, GA","280971","5/20/2011","10365","3932","ATLANTIC SOUTHERN BANK","741855","707643","FAILURE","PA","DIF"
"57647","NM","FRANKLIN, GA","134595","5/20/2011","10366","3933","FIRST GEORGIA BANKING COMPANY","730981","702231","FAILURE","PA","DIF"
"23626","NM","SNOHOMISH, WA","33596","5/27/2011","10368","3934","FIRST HERITAGE BANK","173478","163303","FAILURE","PA","DIF"
"58420","SB","CHARLESTON, SC","31204","6/3/2011","10369","3935","ATLANTIC BANK AND TRUST","208204","191614","FAILURE","PA","DIF"
"19237","NM","JACKSON, GA","75418","6/17/2011","10371","3936","MCINTOSH STATE BANK","339929","324403","FAILURE","PA","DIF"
"27583","NM","TAMPA, FL","33477","6/17/2011","10370","3937","FIRST COMMERCIAL BANK OF TAMPA BAY","98624","92641","FAILURE","PA","DIF"
"57593","NM","CLAYTON, GA","34480","6/24/2011","10372","3938","MOUNTAIN HERITAGE BANK","103716","89554","FAILURE","PA","DIF"
"27935","SM","CHICAGO, IL","192899","7/8/2011","10374","3939","FIRST CHICAGO BANK & TRUST","896864","830530","FAILURE","PA","DIF"
"34522","NM","CASTLE ROCK, CO","254944","7/8/2011","10373","3940","COLORADO CAPITAL BANK","665806","635202","FAILURE","PA","DIF"
"57835","NM","WINDSOR, CO","23311","7/8/2011","10375","3941","SIGNATURE  BANK","62518","60349","FAILURE","PA","DIF"
"19554","NM","STOCKBRIDGE, GA","70772","7/15/2011","10377","3942","HIGH TRUST BANK","180340","177221","FAILURE","PA","DIF"
"34870","NM","PORT SAINT LUCIE, FL","13110","7/15/2011","10376","3943","FIRST PEOPLES BANK","225035","207621","FAILURE","PA","DIF"
"57442","NM","PRESCOTT, AZ","14868","7/15/2011","10379","3944","SUMMIT BANK","73066","67471","FAILURE","PA","DIF"
"58238","NM","ATLANTA, GA","40555","7/15/2011","10378","3945","ONE GEORGIA BANK","177715","158123","FAILURE","PA","DIF"
"2994","NM","GREELEY, CO","135593","7/22/2011","10380","3946","BANK OF CHOICE","954106","818670","FAILURE","PA","DIF"
"35244","SM","SARASOTA, FL","37389","7/22/2011","10381","3947","LANDMARK BANK OF FLORIDA","266482","244362","FAILURE","PA","DIF"
"58056","NM","APOLLO BEACH, FL","11403","7/22/2011","10382","3948","SOUTHSHORE COMMUNITY BANK","41252","41434","FAILURE","PA","DIF"
"4392","N","EVANSVILLE, IN","30990","7/29/2011","10384","3949","INTEGRA BANK NATIONAL ASSOCIATION","1994430","1693592","FAILURE","PA","DIF"
"58222","N","COLUMBIA, SC","49181","7/29/2011","10383","3950","BANKMERIDIAN, N.A.","232648","209737","FAILURE","PA","DIF"
"58283","SM","RICHMOND, VA","19851","7/29/2011","10385","3951","VIRGINIA BUSINESS BANK","83493","72955","FAILURE","PA","DIF"
"22528","SM","COLFAX, WA","100914","8/5/2011","10387","3952","BANK OF WHITMAN","548570","515732","FAILURE","PA","DIF"
"22637","NM","SHOREWOOD, IL","29378","8/5/2011","10386","3953","BANK OF SHOREWOOD","110723","104021","FAILURE","PA","DIF"
"4744","N","OLATHE, KS","103328","8/12/2011","10388","3954","THE FIRST NATIONAL BANK OF OLATHE","538091","524290","FAILURE","PA","DIF"
"34130","SI","HUNTINGDON VALLEY, PA","15828","8/18/2011","10389","3955","PUBLIC SAVINGS BANK","46818","45770","FAILURE","PA","DIF"
"35356","SB","PALM BEACH, FL","188189","8/19/2011","10392","3956","LYDIAN PRIVATE BANK","1700117","1253835","FAILURE","PA","DIF"
"57212","NM","GENEVA, IL","34064","8/19/2011","10390","3957","FIRST CHOICE BANK","141016","137215","FAILURE","PA","DIF"
"57239","N","STATESBORO, GA","22171","8/19/2011","10391","3958","FIRST SOUTHERN NATIONAL BANK","164599","159673","FAILURE","PA","DIF"
"58226","NM","WOODSTOCK, GA","33845","9/2/2011","10393","3959","CREEKSIDE BANK","102338","96583","FAILURE","PA","DIF"
"58273","NM","CUMMING, GA","54248","9/2/2011","10394","3960","PATRIOT BANK OF GEORGIA","150751","140612","FAILURE","PA","DIF"
"25155","N","MILTON, FL","75749","9/9/2011","10395","3961","THE FIRST NATIONAL BANK OF FLORIDA","296841","280095","FAILURE","PA","DIF"
"20408","SM","NORFOLK, VA","238719","9/23/2011","10396","3962","BANK OF THE COMMONWEALTH","985096","901845","FAILURE","PA","DIF"
"33983","NM","NEVADA CITY, CA","40895","9/23/2011","10397","3963","CITIZENS BANK OF NORTHERN CALIFORNIA","288765","253079","FAILURE","PA","DIF"
"33513","NM","PLANO, TX","58022","9/30/2011","10398","3964","FIRST INTERNATIONAL BANK","239916","208775","FAILURE","PA","DIF"
"10216","NM","WYOMING, MN","71176","10/7/2011","10399","3965","THE RIVERBANK","419723","384120","FAILURE","PA","DIF"
"20115","NM","ELLINGTON, MO","93109","10/7/2011","10400","3966","SUN SECURITY BANK","351492","280649","FAILURE","PA","DIF"
"32347","SI","ASHEVILLE, NC","44112","10/14/2011","10401","3967","BLUE RIDGE SAVINGS BANK, INC.","161430","159628","FAILURE","PA","DIF"
"35395","NM","ALEDO, IL","69305","10/14/2011","10402","3968","COUNTRY BANK","195034","180835","FAILURE","PA","DIF"
"57256","NM","GRAY, GA","88194","10/14/2011","10404","3969","PIEDMONT COMMUNITY BANK","198993","178773","FAILURE","PA","DIF"
"58046","NM","CRANFORD, NJ","45629","10/14/2011","10403","3970","FIRST STATE BANK","191852","188099","FAILURE","PA","DIF"
"21132","SM","GREENWOOD VILLAGE, CO","169247","10/21/2011","10405","3971","COMMUNITY BANKS OF COLORADO","1280964","1239630","FAILURE","PA","DIF"
"34392","NM","DECATUR, GA","24568","10/21/2011","10407","3972","DECATUR FIRST BANK","184750","172042","FAILURE","PA","DIF"
"57036","NM","JONESBORO, GA","64965","10/21/2011","10406","3973","COMMUNITY CAPITAL BANK","165291","157808","FAILURE","PA","DIF"
"57537","NM","CLEARWATER, FL","26299","10/21/2011","10408","3974","OLD HARBOR BANK","209048","212184","FAILURE","PA","DIF"
"57759","NM","DES PLAINES, IL","13753","10/28/2011","10409","3975","ALL AMERICAN BANK","34800","30542","FAILURE","PA","DIF"
"19397","NM","OMAHA, NE","10944","11/4/2011","10410","3976","MID CITY BANK, INC.","106075","105461","FAILURE","PA","DIF"
"57087","NM","SAINT GEORGE, UT","43575","11/4/2011","10411","3977","SUNFIRST BANK","198081","169135","FAILURE","PA","DIF"
"57860","NM","ROCKMART, GA","20301","11/10/2011","10412","3978","COMMUNITY BANK OF ROCKMART","62383","55906","FAILURE","PA","DIF"
"14194","NM","JOHNSTON, IA","16053","11/18/2011","10414","3979","POLK COUNTY BANK","91580","81967","FAILURE","PA","DIF"
"19657","NM","LACOMBE, LA","48824","11/18/2011","10413","3980","CENTRAL PROGRESSIVE BANK","383132","347720","FAILURE","PA","DIF"
"57917","N","PHOENIX, AZ","41735","12/16/2011","10416","3981","WESTERN NATIONAL BANK","162872","144491","FAILURE","PA","DIF"
"58343","NM","CRESTVIEW, FL","25065","12/16/2011","10415","3982","PREMIER COMMUNITY BANK OF THE EMERALD COAST","125976","112050","FAILURE","PA","DIF"
"19252","NM","STOCKBRIDGE, GA","192145","1/20/2012","10419","3983","THE FIRST STATE BANK","516760","509065","FAILURE","PA","DIF"
"31581","SB","BOOTHWYN, PA","4671","1/20/2012","10417","3984","AMERICAN EAGLE SAVINGS BANK","19259","17548","FAILURE","PA","DIF"
"57186","NM","BELLEVIEW, FL","13697","1/20/2012","10418","3985","CENTRAL FLORIDA STATE BANK","71485","71080","FAILURE","PA","DIF"
"16579","NM","JACKSONVILLE, FL","54383","1/27/2012","10421","3986","FIRST GUARANTY BANK AND TRUST COMPANY OF JACKSONVILLE","397082","378309","FAILURE","PA","DIF"
"19869","SM","KNOXVILLE, TN","74064","1/27/2012","10420","3987","BANKEAST","261947","259571","FAILURE","PA","DIF"
"34823","NM","FOREST LAKE, MN","35346","1/27/2012","10422","3988","PATRIOT BANK MINNESOTA","105029","102833","FAILURE","PA","DIF"
"35296","NM","FRANKLIN, TN","351815","1/27/2012","10423","3989","TENNESSEE COMMERCE BANK","1009154","1037716","FAILURE","PA","DIF"
"23187","N","HOFFMAN ESTATES, IL","18454","2/10/2012","10424","3990","CHARTER NATIONAL BANK AND TRUST","93894","89485","FAILURE","PA","DIF"
"29761","SB","SHELBYVILLE, IN","38269","2/10/2012","10425","3991","SCB BANK","182561","171365","FAILURE","PA","DIF"
"5687","NM","ELLAVILLE, GA","51763","2/24/2012","10426","3992","CENTRAL BANK OF GEORGIA","278860","266589","FAILURE","PA","DIF"
"29178","SB","LITTLE FALLS, MN","43037","2/24/2012","10427","3993","HOME SAVINGS OF AMERICA","434111","432223","FAILURE","PO","DIF"
"34046","NM","DORAVILLE, GA","40289","3/2/2012","10428","3994","GLOBAL COMMERCE BANK","143678","116813","FAILURE","PA","DIF"
"57597","NM","CHICAGO, IL","13255","3/9/2012","10429","3995","NEW CITY BANK","71202","72399","FAILURE","PO","DIF"
"35419","NM","WILMETTE, IL","69338","3/23/2012","10431","3996","PREMIER BANK","268703","198953","FAILURE","PA","DIF"
"58068","NM","ROCK SPRING, GA","30279","3/23/2012","10430","3997","CONVENANT BANK & TRUST","95725","90632","FAILURE","PA","DIF"
"33883","NM","DEARBORN, MI","97229","3/30/2012","10432","3998","FIDELITY BANK","818237","747640","FAILURE","PA","DIF"
"35527","SB","FORT LEE, NJ","11925","4/20/2012","10433","3999","FORT LEE FEDERAL SAVINGS BANK, FSB","48861","47786","FAILURE","PA","DIF"
"23632","N","PALM DESERT, CA","26331","4/27/2012","10437","4000","PALM DESERT NATIONAL BANK","129253","129023","FAILURE","PA","DIF"
"26759","SM","CAMBRIDGE, MD","57856","4/27/2012","10434","4001","BANK OF THE EASTERN SHORE","162460","150951","FAILURE","DINB","DIF"
"31495","SB","MAPLE GROVE, MN","79681","4/27/2012","10436","4002","INTER SAVINGS BANK, FSB D/B/A/ INTERBANK, FSB","463840","458053","FAILURE","PA","DIF"
"32503","SB","PAWLEYS ISLAND, SC","83230","4/27/2012","10438","4003","PLANTATION FEDERAL BANK","433512","415943","FAILURE","PA","DIF"
"57766","NM","GAITHERSBURG, MD","26694","4/27/2012","10435","4004","HARVEST BANK OF MARYLAND","163019","145534","FAILURE","PA","DIF"
"23156","N","NORTH LAUDERDALE, FL","15098","5/4/2012","10439","4005","SECURITY BANK, NATIONAL ASSOCIATION","101026","99067","FAILURE","PA","DIF"
"35224","N","SYLACAUGA, AL","10672","5/18/2012","10440","4006","ALABAMA TRUST BANK, NATIONAL ASSOCIATION","51553","45149","FAILURE","PA","DIF"
"416","NM","KINGFISHER, OK","8725","6/8/2012","10443","4007","FIRST CAPITAL BANK","44448","44828","FAILURE","PA","DIF"
"9257","NM","SHABBONA, IL","10243","6/8/2012","10442","4008","FARMERS' AND TRADERS' STATE BANK","43077","42302","FAILURE","PA","DIF"
"34515","SM","WHITEVILLE, NC","23756","6/8/2012","10444","4009","WACCAMAW BANK","533114","472704","FAILURE","PA","DIF"
"35372","SB","CHARLESTON, SC","17630","6/8/2012","10441","4010","CAROLINA FEDERAL SAVINGS BANK","54373","53082","FAILURE","PA","DIF"
"1690","NM","LYNCHBURG, TN","33106","6/15/2012","10447","4011","THE FARMERS BANK OF LYNCHBURG","163859","156402","FAILURE","PA","DIF"
"27405","NM","PALATKA, FL","28751","6/15/2012","10445","4012","PUTNAM STATE BANK","169489","160024","FAILURE","PA","DIF"
"35299","NM","MARIETTA, GA","44760","6/15/2012","10446","4013","SECURITY EXCHANGE BANK","150962","147896","FAILURE","PA","DIF"
"19498","NM","AILEY, GA","65798","7/6/2012","10448","4014","MONTGOMERY BANK & TRUST","153208","164181","FAILURE","PA","DIF"
"1056","NM","GLASGOW, MO","1396","7/13/2012","10449","4015","GLASGOW SAVINGS BANK","22341","21809","FAILURE","PA","DIF"
"1361","NM","LEAWOOD, KS","363","7/20/2012","10452","4016","HEARTLAND BANK","96002","89723","FAILURE","PA","DIF"
"27986","SB","CHICAGO, IL","86252","7/20/2012","10453","4017","SECOND FEDERAL SAVINGS AND LOAN ASSOCIATION OF CHICAGO","190891","171627","FAILURE","PA","DIF"
"32711","NM","WOODSTOCK, GA","36215","7/20/2012","10450","4018","FIRST CHEROKEE STATE BANK","209021","182114","FAILURE","PA","DIF"
"57096","NM","NAPLES, FL","16848","7/20/2012","10454","4019","THE ROYAL PALM BANK OF FLORIDA","78771","78876","FAILURE","PA","DIF"
"57847","NM","BUFORD, GA","25335","7/20/2012","10451","4020","GEORGIA TRUST BANK","116890","114748","FAILURE","PA","DIF"
"16240","NM","JASPER, GA","49244","7/27/2012","10455","4021","JASPER BANKING COMPANY","206672","204238","FAILURE","PA","DIF"
"28243","SI","WAUKEGAN, IL","23518","8/3/2012","10456","4022","WAUKEGAN SAVINGS BANK","83679","73001","FAILURE","PA","DIF"
"35246","NM","BLOOMINGTON, MN","65213","9/7/2012","10457","4023","FIRST COMMERCIAL BANK","215867","206809","FAILURE","PA","DIF"
"27316","SM","ST. LOUIS, MO","39469","9/14/2012","10458","4024","TRUMAN BANK","282338","245716","FAILURE","PA","DIF"
"20685","NM","CRETE, IL","33841","9/28/2012","10459","4025","FIRST UNITED BANK","328422","316877","FAILURE","PA","DIF"
"19189","NM","SEDALIA, MO","29582","10/19/2012","10460","4026","EXCEL BANK","186113","173670","FAILURE","PA","DIF"
"28144","SB","TAMARAC, FL","12370","10/19/2012","10461","4027","FIRST EAST SIDE SAVINGS BANK","65686","64888","FAILURE","PA","DIF"
"58073","NM","DESTIN, FL","40332","10/19/2012","10462","4028","GULFSOUTH PRIVATE BANK","139391","131579","FAILURE","PA","DIF"
"27148","SI","BERWYN, PA","85428","10/26/2012","10463","4029","NOVA BANK","444710","395248","FAILURE","PO","DIF"
"3731","N","PRINCETON, IL","32458","11/2/2012","10464","4030","CITIZENS FIRST NATIONAL BANK","923959","869440","FAILURE","PA","DIF"
"35009","NM","LUTZ, FL","73811","11/2/2012","10465","4031","HERITAGE BANK OF FLORIDA","225477","223309","FAILURE","PA","DIF"
"57928","NM","BRASELTON, GA","39665","11/16/2012","10466","4032","HOMETOWN COMMUNITYBANK","124561","108931","FAILURE","PA","DIF"
"27331","NM","SUNRISE, MO","13419","12/14/2012","10467","4033","COMMUNITY BANK OF THE OZARKS","42816","41881","FAILURE","PA","DIF"
"33997","NM","UNIVERSITY PLACE, WA","22860","1/11/2013","10468","4034","WESTSIDE COMMUNITY BANK","91935","91879","FAILURE","PA","DIF"
"57157","NM","ANDOVER, MN","12229","1/18/2013","10469","4035","1ST REGENTS BANK","49626","49147","FAILURE","PA","DIF"
"22476","NM","CHICAGO, IL","19576","2/15/2013","10470","4036","COVENANT BANK","58422","54202","FAILURE","PA","DIF"
"16431","NM","LAGRANGE, GA","73446","3/8/2013","10471","4037","FRONTIER BANK","258840","224108","FAILURE","PA","DIF"
"58066","SM","GOLD CANYON, AZ","8263","4/5/2013","10472","4038","GOLD CANYON BANK","42125","41728","FAILURE","PA","DIF"
"26680","NM","ORANGE PARK, FL","25231","4/19/2013","10475","4039","HERITAGE BANK OF NORTH FLORIDA","103960","106348","FAILURE","PA","DIF"
"29594","SB","LEXINGTON, KY","7767","4/19/2013","10474","4040","FIRST FEDERAL BANK","92982","87196","FAILURE","PA","DIF"
"58034","NM","MARIANNA, FL","7920","4/19/2013","10473","4041","CHIPOLA COMMUNITY BANK","37471","37067","FAILURE","PA","DIF"
"21649","NM","DOUGLASVILLE, GA","89606","4/26/2013","10476","4042","DOUGLAS COUNTY BANK","317288","315326","FAILURE","PA","DIF"
"57158","NM","LENOIR, NC","16490","4/26/2013","10477","4043","PARKWAY BANK","109642","104709","FAILURE","PA","DIF"
"58185","NM","VALDOSTA, GA","16002","5/10/2013","10481","4044","SUNRISE BANK","60793","57775","FAILURE","PA","DIF"
"58701","NM","ASHEVILLE, NC","7943","5/10/2013","10480","4045","PISGAH COMMUNITY BANK","21880","21246","FAILURE","PA","DIF"
"34527","NM","SCOTTSDALE, AZ","5425","5/14/2013","10479","4046","CENTRAL ARIZONA BANK","31550","30822","FAILURE","PA","DIF"
"35386","NM","KENOSHA, WI","22473","5/31/2013","10478","4047","BANKS OF WISCONSIN","134024","127590","FAILURE","PA","DIF"
"58358","NM","NORTH LAS VEGAS, NV","5208","6/6/2013","10482","4048","1st COMMERCE BANK","20152","19579","FAILURE","PA","DIF"
"34789","N","SEVIERVILLE, TN","33292","6/7/2013","10483","4049","MOUNTAIN NATIONAL BANK","437282","373366","FAILURE","PA","DIF"
"34943","NM","FORT MYERS, FL","24921","8/2/2013","10484","4050","FIRST COMMUNITY BANK OF SOUTHWEST FLORIDA","247315","243618","FAILURE","PA","DIF"
"35016","NM","WAUSAU, WI","13428","8/9/2013","10485","4051","BANK OF WAUSAU","43564","40663","FAILURE","PA","DIF"
"19849","NM","PARSONS, TN","129719","8/23/2013","10486","4052","COMMUNITY SOUTH BANK","386908","377672","FAILURE","PA","DIF"
"34707","NM","PHOENIX, AZ","15391","8/23/2013","10487","4053","SUNRISE BANK OF ARIZONA","202179","196924","FAILURE","PA","DIF"
"14318","N","EDINBURG, TX","616177","9/13/2013","10488","4054","FIRST NATIONAL BANK","3085764","2338335","FAILURE","PA","DIF"
"57041","NM","BRIDGEPORT, CT","9211","9/13/2013","10489","4055","THE COMMUNITY'S BANK","26368","25715","FAILURE","PO","DIF"
"14794","NM","GRACEVILLE, FL","5849","10/30/2013","10490","4056","BANK OF JACKSON COUNTY","24724","24591","FAILURE","PA","DIF"
"57431","N","THE WOODLANDS, TX","14203","12/13/2013","10491","4057","TEXAS COMMUNITY BANK, NATIONAL ASSOCIATION","159257","142640","FAILURE","PA","DIF"
"5732","N","WEST CHICAGO, IL","1530","1/17/2014","10492","4058","DUPAGE NATIONAL BANK","53524","51878","FAILURE","PA","DIF"
"17967","NM","EL RENO, OK","93335","1/24/2014","10493","4059","THE  BANK OF UNION","317172","315843","FAILURE","PA","DIF"
"34296","NM","BOISE, ID","3487","1/31/2014","10494","4060","SYRINGA BANK","153361","145813","FAILURE","PA","DIF"
"35096","N","STERLING, VA","10940","2/28/2014","10495","4061","MILLENNIUM BANK, NATIONAL ASSOCIATION","130305","121704","FAILURE","PA","DIF"
"58531","NM","HORSHAM, PA","8956","2/28/2014","10496","4062","VANTAGE POINT BANK","63453","62472","FAILURE","PA","DIF"
"15062","NM","FAIRFAX, SC","22149","4/25/2014","10497","4063","ALLENDALE COUNTY BANK","49498","49356","FAILURE","PA","DIF"
"57866","NM","BERWYN, IL","21715","5/16/2014","10498","4064","AZTECAMERICA BANK","66309","65031","FAILURE","PA","DIF"
"32284","SI","CINCINNATI, OH","7224","5/23/2014","10499","4065","COLUMBIA SAVINGS BANK","36484","29538","FAILURE","PA","DIF"
"32368","SB","BEL AIR, MD","10954","5/30/2014","10500","4066","SLAVIE FEDERAL SAVINGS BANK","140063","111142","FAILURE","PA","DIF"
"10450","NM","MOLINE, IL","47807","6/20/2014","10502","4067","VALLEY BANK","456442","359953","FAILURE","PA","DIF"
"21793","NM","FORT LAUDERDALE, FL","5439","6/20/2014","10501","4068","VALLEY BANK","81843","66541","FAILURE","PA","DIF"
"12483","NM","FREEDOM, OK","3734","6/27/2014","10503","4069","THE FREEDOM STATE BANK","22816","20855","FAILURE","PA","DIF"
"58125","NM","CONYERS, GA","38334","7/18/2014","10504","4070","EASTSIDE COMMERCIAL BANK","173946","166875","FAILURE","PA","DIF"
"28462","SB","CHICAGO, IL","18412","7/25/2014","10505","4071","GREENCHOICE BANK, FSB","70286","68722","FAILURE","PA","DIF"
"4862","SM","RISING SUN, MD","19837","10/17/2014","10506","4072","NBRS FINANCIAL BANK","155353","151559","FAILURE","PA","DIF"
"916","N","CHICAGO, IL","57718","10/24/2014","10507","4073","THE NATIONAL REPUBLIC BANK OF CHICAGO","843118","809638","FAILURE","PA","DIF"
"34738","SB","PALM DESERT, CA","2905","11/7/2014","10508","4074","FRONTIER BANK, FSB","80736","76344","FAILURE","PA","DIF"
"34983","NM","MANKATO, MN","3946","12/19/2014","10509","4075","NORTHERN STAR BANK","18794","18221","FAILURE","PA","DIF"
"17557","N","CRESTVIEW, FL","6329","1/16/2015","10510","4076","FIRST NATIONAL BANK OF CRESTVIEW","73804","73199","FAILURE","PA","DIF"
"20290","NM","CHICAGO, IL","4743","1/23/2015","10511","4077","HIGHLAND COMMUNITY BANK","54727","53453","FAILURE","PA","DIF"
"33938","NM","ATLANTA, GA","95942","2/13/2015","10512","4078","CAPITOL CITY BANK & TRUST COMPANY","272311","262652","FAILURE","PA","DIF"
"32102","NM","SAN JUAN, PR","694842","2/27/2015","10513","4079","DORAL BANK","5898515","4097734","FAILURE","PA","DIF"
"57772","NM","CHICAGO, IL","20647","5/8/2015","10514","4080","EDGEBROOK BANK","90034","90007","FAILURE","PA","DIF"
"34112","SM","DENVER, CO","1210","7/10/2015","10515","4081","PREMIER BANK","26760","25480","FAILURE","PA","DIF"
"35156","N","LONGVIEW, WA","995","10/2/2015","10517","4082","HOMETOWN NATIONAL BANK","3785","3705","FAILURE","PA","DIF"
"35259","NM","PEACHTREE CITY, GA","27760","10/2/2015","10516","4083","THE BANK OF GEORGIA","286102","264234","FAILURE","PA","DIF"
"20364","NM","MILWAUKEE, WI","11773","3/11/2016","10518","4084","NORTH MILWAUKEE STATE BANK","67115","61493","FAILURE","PA","DIF"
"9956","NM","MEMPHIS, TN","10372","4/29/2016","10519","4085","TRUST COMPANY BANK","18998","20148","FAILURE","PA","DIF"
"35312","NM","KING OF PRUSSIA, PA","10825","5/6/2016","10520","4086","FIRST CORNERSTONE BANK","103307","101040","FAILURE","PA","DIF"
"11297","NM","WOODBURY, GA","3290","8/19/2016","10521","4087","THE WOODBURY BANKING COMPANY","21426","21122","FAILURE","PA","DIF"
"91","SM","MULBERRY, AR","6213","9/23/2016","10522","4088","ALLIED BANK","66336","64713","FAILURE","PA","DIF"
"34951","NM","PENNSVILLE, NJ","22158","1/13/2017","10523","4089","HARVEST COMMUNITY BANK","124223","122177","FAILURE","PA","DIF"
"19328","NM","CHICAGO, IL","43691","1/27/2017","10524","4090","SEAWAY BANK AND TRUST COMPANY","297809","256505","FAILURE","PA","DIF"
"35495","NM","COTTONWOOD HEIGHTS, UT","9836","3/3/2017","10525","4091","PROFICIO BANK","68208","65042","FAILURE","PA","DIF"
"58302","NM","NEW ORLEANS, LA","756896","4/28/2017","10526","4092","FIRST NBC BANK","3325870","3032208","FAILURE","PA","DIF"
"30003","SB","MILWAUKEE, WI","131962","5/5/2017","10527","4093","GUARANTY BANK","1031900","1002026","FAILURE","PA","DIF"
"1802","SM","SAINT ELMO, IL","8088","5/26/2017","10528","4094","FAYETTE COUNTY BANK","34370","33972","FAILURE","PA","DIF"
"17719","NM","ARGONIA, KS","280","10/13/2017","10529","4095","THE FARMERS AND MERCHANTS STATE BANK OF ARGONIA","33012","27466","FAILURE","PA","DIF"
"30570","SB","CHICAGO, IL","75560","12/15/2017","10530","4096","WASHINGTON FEDERAL BANK FOR SAVINGS","166345","143964","FAILURE","PI","DIF"
"10716","NM","COOPER, TX","18263","5/31/2019","10531","4097","ENLOE STATE BANK","36738","31254","FAILURE","PI","DIF"
"58112","NM","LOUISA, KY","4264","10/25/2019","10532","4098","LOUISA COMMUNITY BANK","28163","25174","FAILURE","PA","DIF"
"58317","SB","MAUMEE, OH","1571","10/25/2019","10533","4099","RESOLUTE BANK","23292","22885","FAILURE","PA","DIF"
"21111","N","NEWARK, NJ","842","11/1/2019","10534","4100","CITY NATIONAL BANK OF NEW JERSEY","120574","111234","FAILURE","PA","DIF"
"18265","NM","ERICSON, NE","23279","2/14/2020","10535","4101","ERICSON STATE BANK","100879","95159","FAILURE","PA","DIF"
"14361","NM","BARBOURSVILLE, WV","43660","4/3/2020","10536","4102","THE FIRST STATE BANK","151808","143102","FAILURE","PA","DIF"
"16748","NM","FORT WALTON BEACH, FL","7247","10/16/2020","10537","4103","FIRST CITY BANK OF FLORIDA","136566","133936","FAILURE","PA","DIF"
"15426","NM","ALMENA, KS","15861","10/23/2020","10538","4104","ALMENA STATE BANK","65733","64941","FAILURE","PA","DIF"
"24735","SM","SANTA CLARA, CA","19707051","3/10/2023","10539","4105","SILICON VALLEY BANK","209026000","175378000","FAILURE","PA","DIF"
"57053","NM","NEW YORK, NY","2640236","3/12/2023","10540","4106","SIGNATURE BANK","110363650","88612911","FAILURE","PA","DIF"
"59017","NM","SAN FRANCISCO, CA","15773929","5/1/2023","10543","4107","FIRST REPUBLIC BANK","212638872","176436706","FAILURE","PA","DIF"
"25851","SM","ELKHART, KS","46427","7/28/2023","10544","4108","HEARTLAND TRI-STATE BANK","139446","130110","FAILURE","PA","DIF"
"8758","NM","SAC CITY, IA","14888","11/3/2023","10545","4109","CITIZENS BANK","60448","52311","FAILURE","PA","DIF"
"27332","NM","PHILADELPHIA, PA","683597","4/26/2024","10546","4110","REPUBLIC BANK","5866190","4373927","FAILURE","PA","DIF"
"4134","N","LINDSAY, OK","42281","10/18/2024","10547","4111","FIRST NB OF LINDSAY","107850","97515","FAILURE","PI","DIF"
"28611","SI","CHICAGO, IL","28449","1/17/2025","10548","4112","PULASKI SAVINGS BANK","49466","42741","FAILURE","PA","DIF"